date,portfolio,benchmark
2015-01-02,1.0,1.0
2015-01-05,0.9783059880977208,0.9817218929161403
2015-01-06,0.9669240865024142,0.9729909629773589
2015-01-07,0.9808165071950571,0.9843066757360802
2015-01-08,0.998421618179792,1.001914294043339
2015-01-09,0.9964166571465617,0.9934943154212421
2015-01-12,0.988974815097783,0.9854533087163544
2015-01-13,0.9887990197236055,0.9829122534253234
2015-01-14,0.9843259498487511,0.977198522981246
2015-01-15,0.9715944058689829,0.9681615003401032
2015-01-16,0.9863351061730784,0.9811582936546499
2015-01-20,0.9867929871695988,0.9826790399378098
2015-01-21,0.9984955418795508,0.9873287338451073
2015-01-22,1.0177953551512047,1.0024050140899816
2015-01-23,1.0186314232526945,0.9969002040618017
2015-01-26,1.0329674153009394,0.9994606938101255
2015-01-27,1.0264314100108374,0.9860800699640463
2015-01-28,1.0145172085909744,0.9727723253328152
2015-01-29,1.0207030757011386,0.9820474200757946
2015-01-30,1.0078624018999098,0.9692886988630844
2015-02-02,1.0147774429824794,0.9818530755028667
2015-02-03,1.0332905778711885,0.99603051209795
2015-02-04,1.0303712568937764,0.9918909726945878
2015-02-05,1.0468874241433082,1.0020989213876204
2015-02-06,1.0479007831722382,0.9986735982897678
2015-02-09,1.048009103076961,0.9944320279856186
2015-02-10,1.052922414792454,1.0050481002817997
2015-02-11,1.051050598032971,1.0050189485958605
2015-02-12,1.0634274590852335,1.0147118841706344
2015-02-13,1.0697937026662212,1.0188465649596732
2015-02-17,1.0727267017191642,1.0204742007579437
2015-02-18,1.0787375795287577,1.0201535322126127
2015-02-19,1.0863839156672592,1.0190700612185402
2015-02-20,1.0931202934867181,1.025313380623846
2015-02-23,1.088257398588077,1.0250024293071613
2015-02-24,1.0889205078526791,1.027830142843261
2015-02-25,1.0949463144199882,1.0270430473229035
2015-02-26,1.0947249922031532,1.0255271596540665
2015-02-27,1.0914289239465127,1.0224953843163929
2015-03-02,1.0967311396088841,1.0287581381789912
2015-03-03,1.0941249696639084,1.0240890098144009
2015-03-04,1.0877209869291844,1.0195947915654455
2015-03-05,1.0894034268521933,1.0208143037605675
2015-03-06,1.079740709680989,1.0063453503060928
2015-03-09,1.0831638286222982,1.0103148382081428
2015-03-10,1.0714411704573708,0.993178505490234
2015-03-11,1.0773702311971587,0.9912739286755415
2015-03-12,1.0883979450476122,1.0037654261004758
2015-03-13,1.084914445288266,0.9976678651248662
2015-03-16,1.0879459203081103,1.0111699543290251
2015-03-17,1.0949687734978837,1.0078126518316974
2015-03-18,1.1105854688650818,1.0200660771547951
2015-03-19,1.107015591601712,1.0150957147021666
2015-03-20,1.11707934323377,1.0242444854727428
2015-03-23,1.1080619683465787,1.0224565154018073
2015-03-24,1.1073830895041246,1.0161791856962392
2015-03-25,1.0868367550163784,1.0013847050821105
2015-03-26,1.0883462869805374,0.999003984063745
2015-03-27,1.098357569337707,1.001370129239141
2015-03-30,1.1124842916271747,1.0136235545622387
2015-03-31,1.1079547777181236,1.004707997279176
2015-04-01,1.1064886819023865,1.000723933534156
2015-04-02,1.110167149505642,1.0042561461471189
2015-04-06,1.1187989464080044,1.0108930133126033
2015-04-07,1.120907086681121,1.0088086677679526
2015-04-08,1.1257169682552601,1.0115149159459722
2015-04-09,1.1248177292922819,1.0160237100378973
2015-04-10,1.1291411039157258,1.0213098824215334
2015-04-13,1.1249825632293364,1.0166310368282965
2015-04-14,1.1239474172286146,1.0182878243125062
2015-04-15,1.1352592956914536,1.0235302691672337
2015-04-16,1.1356863978058724,1.0227334564182295
2015-04-17,1.1214609595210654,1.0111650957147023
2015-04-20,1.1332241379980714,1.0205033524438833
2015-04-21,1.1361139377623777,1.0189923233893696
2015-04-22,1.137549517410962,1.0241764648722187
2015-04-23,1.138032089221003,1.0265911961908465
2015-04-24,1.1361327406031787,1.0289038966086874
2015-04-27,1.1282448007919519,1.0246428918472454
2015-04-28,1.1327481100569208,1.0274803226119915
2015-04-29,1.1306277895560592,1.023637158682344
2015-04-30,1.1153181340015268,1.013268875716646
2015-05-01,1.1216702464244048,1.0243367991448842
2015-05-04,1.1253537690744606,1.027349140025265
2015-05-05,1.1061915015116262,1.015188028374308
2015-05-06,1.1079708322737927,1.0106646584394134
2015-05-07,1.1157561216054706,1.0144786706831215
2015-05-08,1.1232797192585715,1.0281313769312994
2015-05-11,1.1280734057538597,1.0228986493052183
2015-05-12,1.1298232666690482,1.0198814498105142
2015-05-13,1.1237589975077042,1.0195704984938299
2015-05-14,1.131142342003186,1.030560684092897
2015-05-15,1.1302710967439569,1.0313526382275777
2015-05-18,1.1395401641919802,1.0344961616946848
2015-05-19,1.1383558890519447,1.0338305315324072
2015-05-20,1.1334943899672232,1.0328685258964145
2015-05-21,1.1373863996059037,1.0352832572150428
2015-05-22,1.1397231888074637,1.0329705567972018
2015-05-26,1.132477771015909,1.0223496258866975
2015-05-27,1.1377981343178247,1.0317170343018176
2015-05-28,1.1319683668868525,1.030410067048878
2015-05-29,1.1258275874687589,1.0238995238557966
2015-06-01,1.1292844097542802,1.0260081624720632
2015-06-02,1.131602485480653,1.0249732776212226
2015-06-03,1.1395759617599934,1.0271450782236908
2015-06-04,1.1284005505012107,1.0182878243125064
2015-06-05,1.133161801706701,1.0168253814012247
2015-06-08,1.1238947542739888,1.0102419589932956
2015-06-09,1.1197573352749977,1.0106646584394137
2015-06-10,1.128571390381271,1.022835487319017
2015-06-11,1.1315650284348784,1.0246137401613067
2015-06-12,1.1305328514158481,1.017447284034594
2015-06-15,1.1312004612709716,1.0127441453697412
2015-06-16,1.139438564514773,1.0185064619570507
2015-06-17,1.140044549685922,1.0205227869011766
2015-06-18,1.1499160292897135,1.0306287046934222
2015-06-19,1.1516650719281627,1.0251627635798277
2015-06-22,1.1586505544610988,1.0314109415994566
2015-06-23,1.1596116659491114,1.0320668545330878
2015-06-24,1.150371817299368,1.024477698960257
2015-06-25,1.1516093761577735,1.021431347779614
2015-06-26,1.1443543928185624,1.0210329414051118
2015-06-29,1.1216565950307238,0.9997279175979017
2015-06-30,1.1279291753941951,1.0023855796326895
2015-07-01,1.1221754309335876,1.0093382567291815
2015-07-02,1.117969274489663,1.0090273054124972
2015-07-06,1.113460980281968,1.0051306967252946
2015-07-07,1.1175623256494174,1.011242833543874
2015-07-08,1.1025596659219645,0.9944028762996799
2015-07-09,1.1119425890175083,0.9966524147313193
2015-07-10,1.1211486131430468,1.008949567583326
2015-07-13,1.1290863757683833,1.020114663298028
2015-07-14,1.1365124187451876,1.0246574676902152
2015-07-15,1.1285780147473707,1.02390438247012
2015-07-16,1.1319951191194126,1.0321105820619962
2015-07-17,1.1256886004559206,1.033252356427947
2015-07-20,1.1175416407448195,1.034049169176951
2015-07-21,1.1152992951490754,1.0296424059858131
2015-07-22,1.1140619761297412,1.0271839471382764
2015-07-23,1.111763200332374,1.0213536099504423
2015-07-24,1.0952244713931596,1.0104217277232534
2015-07-27,1.0803040595912319,1.0045865319210963
2015-07-28,1.0946061350208742,1.0170294432027989
2015-07-29,1.1053847219219037,1.0244728403459338
2015-07-30,1.103237002822257,1.024501992031873
2015-07-31,1.1055806789191107,1.0221747157710626
2015-08-03,1.0953399515502267,1.0193567194636093
2015-08-04,1.095135939214257,1.0170634535030614
2015-08-05,1.0986959564291034,1.0202312700417846
2015-08-06,1.1000601305662154,1.012321445923623
2015-08-07,1.0951022713532914,1.0094111359440292
2015-08-10,1.1136799575192586,1.022339908658051
2015-08-11,1.1061658761942093,1.0125692352541058
2015-08-12,1.1100733180633537,1.0135312408900985
2015-08-13,1.1069117402190678,1.0122388494801284
2015-08-14,1.1098387656132005,1.0161986201535322
2015-08-17,1.12483896327514,1.021494509765815
2015-08-18,1.1210794090675393,1.0188125546594113
2015-08-19,1.1128796950025899,1.0104022932659609
2015-08-20,1.085466928997557,0.989082693615781
2015-08-21,1.0652641001741572,0.9575794383441846
2015-08-24,1.025140000648765,0.9198377222816057
2015-08-25,1.0160599700042636,0.9073996696142262
2015-08-26,1.0372772623656983,0.9428189680303182
2015-08-27,1.0701464375965968,0.9657273345641828
2015-08-28,1.079091161954926,0.9663152268972893
2015-08-31,1.0749872017125142,0.9582061995918769
2015-09-01,1.046587217469333,0.9298659022446802
2015-09-02,1.0605275382310424,0.946875910990186
2015-09-03,1.0615299749891087,0.9479788164415514
2015-09-04,1.0519874492038086,0.933446701000875
2015-09-08,1.0711119480026587,0.9568603634243519
2015-09-09,1.058420644956905,0.943562336021767
2015-09-10,1.0593904938948673,0.948542415703042
2015-09-11,1.0633634080220915,0.9527985618501609
2015-09-14,1.059581131448992,0.9489019531629586
2015-09-15,1.0752951485434896,0.9610776406568852
2015-09-16,1.0909750569630694,0.969444174521427
2015-09-17,1.0969801664932144,0.9669614226022744
2015-09-18,1.0802526441615758,0.951331260324556
2015-09-21,1.078827986492267,0.9556748615294924
2015-09-22,1.0593346158038905,0.9439024390243909
2015-09-23,1.0518596482532012,0.9419687105237593
2015-09-24,1.0446667674383727,0.9388008939850362
2015-09-25,1.0314176563183035,0.9383636186959486
2015-09-28,0.9920202728315543,0.914279467495871
2015-09-29,0.9874379241984407,0.9154066660188521
2015-09-30,1.0120676494070264,0.932868525896415
2015-10-01,1.0157380366193371,0.9347099407249059
2015-10-02,1.040388909380209,0.948090564570985
2015-10-05,1.0609915665306309,0.9654309590904679
2015-10-06,1.0559625317976216,0.96196676707803
2015-10-07,1.066965737003475,0.9696968224662332
2015-10-08,1.075416213184985,0.9782479836750565
2015-10-09,1.0837566344908713,0.978957341366243
2015-10-12,1.0794825219150466,0.9802060052473041
2015-10-13,1.0665182788258651,0.9735156933242645
2015-10-14,1.06256211812407,0.9689243027888451
2015-10-15,1.0778493866261227,0.9833155184141487
2015-10-16,1.0815823791307728,0.987809736663104
2015-10-19,1.0774874430401173,0.9880769604508798
2015-10-20,1.0701566829649822,0.9866728209114763
2015-10-21,1.0527480110975,0.9809250801671368
2015-10-22,1.057771207212611,0.9972354484501025
2015-10-23,1.072579824710287,1.008235351277816
2015-10-26,1.0664414102518245,1.0063064813915075
2015-10-27,1.0531336348081102,1.0037362744145373
2015-10-28,1.0760450158307768,1.0156204450490722
2015-10-29,1.0744376595196021,1.0151637353026919
2015-10-30,1.0795206201058019,1.010280827907881
2015-11-02,1.0982049688959143,1.0222767466718494
2015-11-03,1.0974534139920211,1.025065591293363
2015-11-04,1.0939674385805396,1.021431347779613
2015-11-05,1.0939216641387215,1.0202749975706926
2015-11-06,1.0975316875203212,1.0199203187250994
2015-11-09,1.0874900232656868,1.0099018559906712
2015-11-10,1.092069781613156,1.0114274608881542
2015-11-11,1.0779145457958494,1.0081624720629672
2015-11-12,1.0608871486389295,0.994057914682732
2015-11-13,1.0507666564176994,0.9829171120396457
2015-11-16,1.0641369763865423,0.9975658342240786
2015-11-17,1.059679268813066,0.9962297152852
2015-11-18,1.0783865961354668,1.0123311631522682
2015-11-19,1.0755177082707297,1.0111942474006406
2015-11-20,1.0793596345728087,1.0150471285589344
2015-11-23,1.0854935376898707,1.0137936060635502
2015-11-24,1.0978381924530123,1.0150325527159647
2015-11-25,1.1065921731273634,1.0149013701292384
2015-11-27,1.109201856175766,1.0155038383053148
2015-11-30,1.102154096990132,1.0107909824118155
2015-12-01,1.1078022352803818,1.0215868234379548
2015-12-02,1.0969395787289673,1.010353707122728
2015-12-03,1.0791117485858797,0.9958313089106979
2015-12-04,1.0897007323274415,1.0162714993683795
2015-12-07,1.0729994722881657,1.0091682052278683
2015-12-08,1.0708598555937947,1.0026187931202015
2015-12-09,1.0623150702467437,0.994859586046059
2015-12-10,1.0673765934945785,0.9970994072490519
2015-12-11,1.044220109170725,0.9777329705567964
2015-12-14,1.0354497631170994,0.9823826644640942
2015-12-15,1.0474040542002454,0.9928141094159938
2015-12-16,1.0630646356369668,1.0072247594985904
2015-12-17,1.0512638114391704,0.9920756000388682
2015-12-18,1.0368821828869392,0.9744193955883774
2015-12-21,1.0411911816336132,0.9819988339325618
2015-12-22,1.0556471750645366,0.9906568846564953
2015-12-23,1.0822022616672122,1.002958896122825
2015-12-24,1.0820957172870858,1.0013555533961707
2015-12-28,1.0753610964940006,0.9991740355650561
2015-12-29,1.0861239665663003,1.0097949664755606
2015-12-30,1.072784976854675,1.002507044990768
2015-12-31,1.0659989593982269,0.9930716159751233
2016-01-04,1.0518986136191932,0.9778738703721692
2016-01-05,1.0472320671769058,0.9798416091730633
2016-01-06,1.0283239626156664,0.9669905742882124
2016-01-07,1.006974641247202,0.9440724905257015
2016-01-08,0.9920665995266477,0.9338402487610528
2016-01-11,0.9839472584715163,0.9346370615100568
2016-01-12,0.9849300943680709,0.9419298416091726
2016-01-13,0.9537295055099848,0.9184141482849086
2016-01-14,0.9674425483078126,0.9337479350889121
2016-01-15,0.9536822457599397,0.9135798270333296
2016-01-19,0.939711195651447,0.9140656884656492
2016-01-20,0.9452303228622644,0.9033767369546201
2016-01-21,0.9500376849548576,0.9080701583908266
2016-01-22,0.9787371284941139,0.926489165290059
2016-01-25,0.9544169308698273,0.9120007773782913
2016-01-26,0.9691677045694225,0.9249003984063743
2016-01-27,0.9553246183275668,0.914852783986007
2016-01-28,0.9531090994464002,0.9199106014964529
2016-01-29,0.9947186619312827,0.9426877854435912
2016-02-01,0.9995318640126072,0.9422699446117965
2016-02-02,0.9775021478765806,0.9246088815469825
2016-02-03,0.9895052178321998,0.9292245651540179
2016-02-04,0.997075066182439,0.9306432805363908
2016-02-05,0.9670264781522159,0.9134437858322804
2016-02-08,0.9429679858149572,0.9005150131182584
2016-02-09,0.9374844092130629,0.8999174035565054
2016-02-10,0.9422137047264385,0.8997473520551935
2016-02-11,0.9315038783525851,0.8886794286269553
2016-02-12,0.9469824759762104,0.9060246817607615
2016-02-16,0.9695928620855669,0.920989213876202
2016-02-17,0.9997362462471174,0.9361675250218633
2016-02-18,0.9930921621863532,0.931799630745311
2016-02-19,0.9964588353963443,0.931775337673695
2016-02-22,1.0125843132550156,0.9452434165775917
2016-02-23,1.0024346440545013,0.9334709940724901
2016-02-24,1.0177854021089883,0.9376153920901755
2016-02-25,1.0250206236995059,0.9482557574579727
2016-02-26,1.041068153721503,0.9464823632300065
2016-02-29,1.041526415376594,0.938796035370712
2016-03-01,1.0621444883056694,0.9612039646292874
2016-03-02,1.0828175030604887,0.9651394422310754
2016-03-03,1.0917401951663548,0.9685161791856961
2016-03-04,1.102554283628188,0.9717180060246815
2016-03-07,1.1134914726882408,0.972577980759887
2016-03-08,1.0871504494750994,0.9616460985326981
2016-03-09,1.0960372912903908,0.966504712855893
2016-03-10,1.0932576662919056,0.966655329899912
2016-03-11,1.1100968677042593,0.9825041298221742
2016-03-14,1.1089736949028692,0.9812651831697594
2016-03-15,1.0955092118399394,0.979462637255854
2016-03-16,1.1060709330836795,0.9849480128267412
2016-03-17,1.1161533348144548,0.9914439801768529
2016-03-18,1.1197230526372548,0.9958118744534052
2016-03-21,1.1167705469059932,0.9967933145466906
2016-03-22,1.1248623220861547,0.9959187639685156
2016-03-23,1.1031617250876302,0.9895588378194533
2016-03-24,1.1052256790564137,0.9891847245165672
2016-03-28,1.1010993043716029,0.9897240307064419
2016-03-29,1.1205409862031699,0.9984501020309003
2016-03-30,1.1212271756907588,1.0027937032358365
2016-03-31,1.1275300573527534,1.0007482266057715
2016-04-01,1.132113550783902,1.007083859683218
2016-04-04,1.1243715034873623,1.0038528811582932
2016-04-05,1.1156985594241846,0.9936692255368764
2016-04-06,1.137909200374719,1.0041103877174224
2016-04-07,1.1284543694592195,0.9920853172675149
2016-04-08,1.1351665074339663,0.9948498688174129
2016-04-11,1.1253340567067907,0.9921241861821005
2016-04-12,1.1320477713688166,1.0017102322417641
2016-04-13,1.1491112489420114,1.011767563890778
2016-04-14,1.1459561974490309,1.011942474006413
2016-04-15,1.1547884301020184,1.010946458070158
2016-04-18,1.1625346326324582,1.0175590321640264
2016-04-19,1.1701598399516993,1.0206976970168102
2016-04-20,1.1766130309882286,1.0214750753085213
2016-04-21,1.1693273831845934,1.0161694684675924
2016-04-22,1.1787838506881554,1.0162180546108244
2016-04-25,1.1715457201405248,1.0143766397823335
2016-04-26,1.1825716811824227,1.0162763579827025
2016-04-27,1.1899013101865228,1.017952579924205
2016-04-28,1.1766734350253014,1.0085560198231458
2016-04-29,1.1676952900534572,1.003449616169468
2016-05-02,1.1728402506760045,1.0112865610727815
2016-05-03,1.1607236995994268,1.0025119036050913
2016-05-04,1.1560148679088538,0.9965601010591775
2016-05-05,1.150895731305309,0.9963220289573411
2016-05-06,1.1582065034119189,0.999484986881741
2016-05-09,1.161254940915192,1.0002380721018362
2016-05-10,1.176881166839959,1.0127247109124473
2016-05-11,1.1597526339005746,1.0030414925663198
2016-05-12,1.1573610827404874,1.002871441065008
2016-05-13,1.1499275980457815,0.9943688659994165
2016-05-16,1.1581474569405694,1.0041103877174224
2016-05-17,1.1506963882245567,0.9946603828588083
2016-05-18,1.1457257709160737,0.9948644446603826
2016-05-19,1.1406416311622805,0.9911767563890775
2016-05-20,1.1571777881875351,0.9971431347779612
2016-05-23,1.1543075618353948,0.9950636478476337
2016-05-24,1.1699871518280287,1.0086774851812261
2016-05-25,1.175662441953818,1.0157127587212127
2016-05-26,1.1767703909241567,1.0154989796909921
2016-05-27,1.1871559353060137,1.019852298124575
2016-05-31,1.1895194177164605,1.0188271305023808
2016-06-01,1.2018695383534574,1.0199834807113015
2016-06-02,1.2097494121104457,1.0228646390049565
2016-06-03,1.2084144311818787,1.019886308424838
2016-06-06,1.2190334354415528,1.0248809639490823
2016-06-07,1.224875546118535,1.0262025070449916
2016-06-08,1.2302191966779032,1.029598678456905
2016-06-09,1.2284194854042383,1.027830142843262
2016-06-10,1.2097897268919011,1.0183995724419406
2016-06-13,1.196223204572278,1.0101350694781857
2016-06-14,1.196890768955637,1.008317947721311
2016-06-15,1.201731901815115,1.0064619570498503
2016-06-16,1.1990882102132001,1.0096151977456038
2016-06-17,1.1951477944221955,1.0063259158488007
2016-06-20,1.2088997837952458,1.0121708288796043
2016-06-21,1.209151965900146,1.0149159459722095
2016-06-22,1.2026692389138567,1.013239724030707
2016-06-23,1.2214620417054223,1.0267806821494518
2016-06-24,1.1768994140091573,0.9898989408220783
2016-06-27,1.143303941742851,0.9719852298124582
2016-06-28,1.167376447291787,0.9892576037314166
2016-06-29,1.1923178772768908,1.006107278204257
2016-06-30,1.206275818199141,1.019755125838112
2016-07-01,1.2124132425194392,1.0217422990962985
2016-07-05,1.1960610545999164,1.0147458944708978
2016-07-06,1.2005918536610147,1.0201778252842297
2016-07-07,1.2041238912123697,1.0192886988630852
2016-07-08,1.227536806325961,1.0348362646973093
2016-07-11,1.2344261231287668,1.0383636186959486
2016-07-12,1.243481628453048,1.0456418229520947
2016-07-13,1.2345112287284628,1.0457827227674672
2016-07-14,1.238540941648914,1.051282674181324
2016-07-15,1.2385447537769474,1.0503060927023615
2016-07-18,1.2445951555169055,1.0528082790788071
2016-07-19,1.2371645375890237,1.0512972500242936
2016-07-20,1.2458593541150436,1.0557866096589257
2016-07-21,1.2359154001647392,1.0519725974152176
2016-07-22,1.2428752778238825,1.0567631911378879
2016-07-25,1.2390597877156484,1.0535807987561951
2016-07-26,1.2494036542109639,1.0539209017588187
2016-07-27,1.2457450088706559,1.052657662034788
2016-07-28,1.242145271074726,1.05434845981926
2016-07-29,1.2454602951158067,1.056068409289671
2016-08-01,1.2431472396729775,1.0547274317364692
2016-08-02,1.2250350088765887,1.048017685356137
2016-08-03,1.2378653167892302,1.0513021086386165
2016-08-04,1.2346140892429407,1.0515256048974835
2016-08-05,1.2441185693950567,1.0605723447672726
2016-08-08,1.2469774428254896,1.0596103391312799
2016-08-09,1.2477331127723592,1.0600233213487515
2016-08-10,1.2464498827857204,1.0569866873967546
2016-08-11,1.2543922992474372,1.0619910601496454
2016-08-12,1.253928214070223,1.0611456612574097
2016-08-15,1.2657576178562895,1.0641094159945585
2016-08-16,1.2521201532708015,1.0582790788067244
2016-08-17,1.246960761737381,1.0602565348362647
2016-08-18,1.2586186746622252,1.0625886697113984
2016-08-19,1.2586580201243835,1.061058206199592
2016-08-22,1.2595148957301237,1.0604605966378389
2016-08-23,1.264472628400959,1.06253036633952
2016-08-24,1.2524342755101514,1.0569623943251385
2016-08-25,1.2539277101642168,1.0555193858711496
2016-08-26,1.2520217489762864,1.053852881158294
2016-08-29,1.262206622367542,1.059362549800797
2016-08-30,1.260236309861458,1.0572927800991159
2016-08-31,1.2573681753155914,1.054780876494024
2016-09-01,1.2608497343589717,1.0547371489651154
2016-09-02,1.271949608647905,1.0591682052278693
2016-09-06,1.2715796013164495,1.062326304537946
2016-09-07,1.2629836346257937,1.0621708288796037
2016-09-08,1.2645094332042175,1.0598095423185312
2016-09-09,1.229732635413447,1.0338208143037608
2016-09-12,1.2435619493742713,1.0489942668350989
2016-09-13,1.2224652402585365,1.0334369837722284
2016-09-14,1.222732359393736,1.032829656981829
2016-09-15,1.233127250728724,1.0432708191623752
2016-09-16,1.221548814562739,1.039335341560587
2016-09-19,1.2110591840806613,1.0393159071032942
2016-09-20,1.2063068988921581,1.0396268584199788
2016-09-21,1.2236108637588698,1.0509765814789622
2016-09-22,1.2419597121140853,1.0578077932173744
2016-09-23,1.2359189275883324,1.0517393839277038
2016-09-26,1.2316851114250926,1.0427072199008842
2016-09-27,1.2348625858575188,1.0494266835098631
2016-09-28,1.2466959627347773,1.0549849382955983
2016-09-29,1.2352825741408868,1.0451511029054517
2016-09-30,1.2485921876676114,1.0534787678554078
2016-10-03,1.2447446128452682,1.050043727528909
2016-10-04,1.2441313179666609,1.044840151588767
2016-10-05,1.2504912890747908,1.0493295112233993
2016-10-06,1.2565670922620868,1.0498348071130117
2016-10-07,1.2469133593970168,1.0464192012438054
2016-10-10,1.2574043236399775,1.051238946652415
2016-10-11,1.236213800835036,1.038154698280051
2016-10-12,1.2397474268626965,1.0393450587892337
2016-10-13,1.2369636223550522,1.0361237974929556
2016-10-14,1.2320879162771283,1.0363327179088528
2016-10-17,1.23163998024335,1.0331843358274224
2016-10-18,1.2363639715091177,1.0395491205908078
2016-10-19,1.23835734153843,1.0418278107083865
2016-10-20,1.2331603487223917,1.040394519483044
2016-10-21,1.2307887411164278,1.0403070644252264
2016-10-24,1.2365939686924934,1.0452482751919157
2016-10-25,1.2237523617717472,1.0412787872898652
2016-10-26,1.2190651017209193,1.0394665241473133
2016-10-27,1.2088450700843985,1.0363618695947918
2016-10-28,1.2036381637784284,1.0331406082985135
2016-10-31,1.1992521053029328,1.0330142843261105
2016-11-01,1.1911414196689567,1.0260033038577399
2016-11-02,1.1668160512063992,1.0193081333203773
2016-11-03,1.151743654026081,1.0147993392284522
2016-11-04,1.1534736744476768,1.0131085414439804
2016-11-07,1.1803175848237706,1.0356233602176663
2016-11-08,1.1844203106352529,1.039529686133515
2016-11-09,1.2051231215900113,1.0510446020794872
2016-11-10,1.204547562516144,1.0530949373238754
2016-11-11,1.2194429395182371,1.0516227771839473
2016-11-14,1.2347849722234612,1.0515013118258674
2016-11-15,1.2364226073217548,1.0593674084151201
2016-11-16,1.2396863871283574,1.057691186473618
2016-11-17,1.2424666229391386,1.0626372558546304
2016-11-18,1.2415278297403731,1.0601010591779227
2016-11-21,1.2502447392235387,1.0680108832960842
2016-11-22,1.259646205431377,1.070323583713925
2016-11-23,1.2709736427163218,1.0711884170634538
2016-11-25,1.271883884278366,1.075381401224371
2016-11-28,1.2604322543117317,1.0697308327664952
2016-11-29,1.2620003313620864,1.0711592653775146
2016-11-30,1.2628711297479505,1.0683169759984457
2016-12-01,1.2557000466658936,1.064561267126616
2016-12-02,1.2564423513017107,1.064983966572734
2016-12-05,1.2738502782498529,1.071183558449131
2016-12-06,1.2778864654672384,1.0748372364201737
2016-12-07,1.2835492417694896,1.0889855213293176
2016-12-08,1.2896404441800466,1.0913370906617441
2016-12-09,1.291336545894073,1.0978184821688863
2016-12-12,1.2768335069408399,1.0965698182878252
2016-12-13,1.2812587399124111,1.103741133028861
2016-12-14,1.2666420538704621,1.0947818482168894
2016-12-15,1.26463098306694,1.0990331357496852
2016-12-16,1.265126766426903,1.0971091244777
2016-12-19,1.2717857881655437,1.099276066465845
2016-12-20,1.2737116617504283,1.1032747060538346
2016-12-21,1.266863675445366,1.1005635992614915
2016-12-22,1.2545400449503814,1.0985132640171034
2016-12-23,1.2618770396026733,1.0998882518705675
2016-12-27,1.26549273857188,1.102361286561074
2016-12-28,1.25031482844598,1.0931493538042962
2016-12-29,1.2527465061916052,1.0928286852589655
2016-12-30,1.2469814278401317,1.087761150519873
2017-01-03,1.2535455478756057,1.0969925177339437
2017-01-04,1.2770802908750487,1.1032698474395117
2017-01-05,1.268267211812085,1.1024195899329525
2017-01-06,1.2616543183590314,1.106296764162862
2017-01-09,1.258592311544045,1.1023710037897205
2017-01-10,1.2717322215380207,1.1023710037897205
2017-01-11,1.2821594391766817,1.1054902341852118
2017-01-12,1.2800781956227794,1.1031192303954924
2017-01-13,1.2850887362042405,1.1051598484112342
2017-01-17,1.2758987146359466,1.1018802837430774
2017-01-18,1.2813573078273326,1.1038237294723554
2017-01-19,1.2735545334622955,1.0998396657273355
2017-01-20,1.2846738974784888,1.10354192984161
2017-01-23,1.286815149555654,1.100573316490138
2017-01-24,1.3125539227820473,1.1077980759887291
2017-01-25,1.3228943794755337,1.1166893402001759
2017-01-26,1.316228862455186,1.1158682343795558
2017-01-27,1.3113633460869003,1.11490137012924
2017-01-30,1.3003872031749668,1.1082013409775542
2017-01-31,1.3107299621239412,1.1072150422699456
2017-02-01,1.3088233866689587,1.107545428043923
2017-02-02,1.3080809674107348,1.1081770479059383
2017-02-03,1.3233696589491273,1.1162277718394724
2017-02-06,1.317865891539922,1.1138664852783997
2017-02-07,1.3094874795602758,1.1141191332232057
2017-02-08,1.3100906650869988,1.1148916529005939
2017-02-09,1.3244366710016353,1.121305023807211
2017-02-10,1.328173993770978,1.1253036633952005
2017-02-13,1.336449515099861,1.1312068797978825
2017-02-14,1.339013854647609,1.1357399669614234
2017-02-15,1.3383366296553887,1.1414099698765923
2017-02-16,1.3329205572048044,1.1404236711689837
2017-02-17,1.3354761384713105,1.1423379652123227
2017-02-21,1.3438729944689893,1.149246914779906
2017-02-22,1.3392122849987993,1.148003109513168
2017-02-23,1.3357817042685183,1.1484841123311642
2017-02-24,1.3413134243183753,1.150199203187252
2017-02-27,1.3547469123153566,1.151370129239142
2017-02-28,1.335150492647823,1.14840151588767
2017-03-01,1.3563974447865865,1.1641045573802362
2017-03-02,1.3394961561222614,1.1572830628704704
2017-03-03,1.339750450772154,1.1578660965892538
2017-03-06,1.326150640052868,1.1540715188028385
2017-03-07,1.3131323375762487,1.1507093576911875
2017-03-08,1.3054514649776976,1.148080847342339
2017-03-09,1.3046993023664848,1.1489991254494227
2017-03-10,1.3096209852075646,1.1527548343212526
2017-03-13,1.3144167141798095,1.1531775337673706
2017-03-14,1.3085430133551161,1.149280925080168
2017-03-15,1.3244291102784367,1.1589058400544179
2017-03-16,1.3304854216471929,1.157020697697018
2017-03-17,1.3314474991374377,1.155499951413858
2017-03-20,1.3261565230567953,1.1531775337673706
2017-03-21,1.2999870633957251,1.1388689145855615
2017-03-22,1.3023225270958327,1.141021280730737
2017-03-23,1.3056295468292796,1.1398114857642614
2017-03-24,1.3048061104902249,1.1388494801282687
2017-03-27,1.3105646069983101,1.1376882713050251
2017-03-28,1.316658118094035,1.1459381984258104
2017-03-29,1.3209460488890992,1.1471820036925484
2017-03-30,1.3288641074190033,1.1505490234185225
2017-03-31,1.3303430704475316,1.1479545233699362
2017-04-03,1.331380630069001,1.1460693810125366
2017-04-04,1.3267526532179519,1.1467107181031981
2017-04-05,1.3141686382681976,1.1432076571761745
2017-04-06,1.321052735827993,1.1454134680789048
2017-04-07,1.321590551942488,1.1444660382858818
2017-04-10,1.3206000711052233,1.1452531338062393
2017-04-11,1.3320850611397415,1.1436109221649995
2017-04-12,1.3306070774902479,1.1393110484889717
2017-04-13,1.3280684507945295,1.131546982800506
2017-04-17,1.3425956394905343,1.1412933631328355
2017-04-18,1.348985988994354,1.1379797881644163
2017-04-19,1.3528888135232318,1.136026625206492
2017-04-20,1.3859064302654105,1.1446117967155776
2017-04-21,1.3781906834416173,1.141137887474493
2017-04-24,1.3843689187539927,1.1535079195413476
2017-04-25,1.3892516218687112,1.1605334758526877
2017-04-26,1.387789586766228,1.159969876591197
2017-04-27,1.3832205612419466,1.1606112136818587
2017-04-28,1.3595753744812664,1.1583908269361585
2017-05-01,1.356999453591576,1.1603974346516381
2017-05-02,1.3529864645707923,1.1617772811194256
2017-05-03,1.3528910503519798,1.1603002623651744
2017-05-04,1.347667909240116,1.1609756097560984
2017-05-05,1.342854716567495,1.16572247594986
2017-05-08,1.330891149286888,1.1657662034787688
2017-05-09,1.326329118119928,1.1645709843552627
2017-05-10,1.3221753787018242,1.1658876688368487
2017-05-11,1.3209124817987314,1.1633660480031105
2017-05-12,1.3053556905456596,1.1616460985326995
2017-05-15,1.3231256051291378,1.1671946360897882
2017-05-16,1.3291421839992397,1.166392964726461
2017-05-17,1.2988671639389473,1.145189971820038
2017-05-18,1.305975939483251,1.1494121076668944
2017-05-19,1.3236549022585211,1.1571907491983298
2017-05-22,1.334400383667695,1.1631619862015363
2017-05-23,1.3400058984676335,1.1652997765037423
2017-05-24,1.3496881129351712,1.1682003692546896
2017-05-25,1.3524661005048852,1.173389369351862
2017-05-26,1.3557061555753858,1.1737537654261017
2017-05-30,1.354134799952068,1.1723399086580517
2017-05-31,1.3461565579982544,1.171800602468177
2017-06-01,1.3578656345899232,1.1806724322223312
2017-06-02,1.3543964683281908,1.18505004372753
2017-06-05,1.3551629100556073,1.183607035273541
2017-06-06,1.3508719497560076,1.180317753376738
2017-06-07,1.3586143174949945,1.1821688854338752
2017-06-08,1.3575547186044064,1.1824846953648829
2017-06-09,1.3572237947353052,1.1815032552715974
2017-06-12,1.3729846776923686,1.180346905062677
2017-06-13,1.3821928136823813,1.1856719463608987
2017-06-14,1.3866375183662845,1.1844913030803623
2017-06-15,1.3993003608496666,1.1818384996598978
2017-06-16,1.3831305582522506,1.1821737440481983
2017-06-19,1.415609409915782,1.1920415897386074
2017-06-20,1.411410034978828,1.184058886405598
2017-06-21,1.396580887075684,1.1833689631717044
2017-06-22,1.3899866008864799,1.1828296569818297
2017-06-23,1.392797897987114,1.184675930424644
2017-06-26,1.4026396568079231,1.18505004372753
2017-06-27,1.3961532634075753,1.175483432125159
2017-06-28,1.4060709867193095,1.1858371392478877
2017-06-29,1.3866031154668892,1.1756389077835012
2017-06-30,1.3937618481962397,1.1774414536974067
2017-07-03,1.393311023564443,1.180162277718396
2017-07-05,1.3903754378648034,1.1818773685744837
2017-07-06,1.359154852797714,1.170804586531922
2017-07-07,1.3671733110830186,1.178301428432612
2017-07-10,1.3733457956212325,1.1793946166553309
2017-07-11,1.3764739186013732,1.178471479933924
2017-07-12,1.3916356084062949,1.1870809445146255
2017-07-13,1.3873475277039156,1.1893061898746489
2017-07-14,1.389924715438501,1.194864444660384
2017-07-17,1.387761564712594,1.1948012826741823
2017-07-18,1.38392054998336,1.1955154989796921
2017-07-19,1.3537553120986412,1.201938587114956
2017-07-20,1.346417329981769,1.2017539597706746
2017-07-21,1.3446134071405067,1.201311825867264
2017-07-24,1.3416699074435463,1.2000340103002636
2017-07-25,1.3453695768657923,1.2035419298416106
2017-07-26,1.3326783812293939,1.2038820328442341
2017-07-27,1.3488825133145288,1.2027111067923442
2017-07-28,1.349959428770885,1.2010980468370434
2017-07-31,1.350296438815834,1.2002234962588683
2017-08-01,1.34972557711262,1.2031629579244012
2017-08-02,1.332106138789427,1.2037557088718311
2017-08-03,1.3266709076656078,1.2011271985229826
2017-08-04,1.3320590505713632,1.2033961714119146
2017-08-07,1.346274254168883,1.2053784860557781
2017-08-08,1.336286837872644,1.2024681760761844
2017-08-09,1.323416612328532,1.2020309007870968
2017-08-10,1.2973378330089,1.1846322028957355
2017-08-11,1.3015993934977088,1.1861432319502492
2017-08-14,1.313327676282714,1.1980565542707236
2017-08-15,1.305283324553114,1.1974589447089705
2017-08-16,1.311939303525458,1.1991594597220887
2017-08-17,1.291129699220105,1.1806481391507158
2017-08-18,1.283129132801766,1.1784811971625708
2017-08-21,1.2768270784781786,1.1798513264017116
2017-08-22,1.2873653627795332,1.1915800213779046
2017-08-23,1.2794683060122722,1.1874647750461582
2017-08-24,1.2696743112617914,1.1850014575842982
2017-08-25,1.271541064294566,1.186983772228162
2017-08-28,1.2705957900362554,1.187561947332622
2017-08-29,1.2629756745200011,1.1885628218832005
2017-08-30,1.2609044732789045,1.1940481974540877
2017-08-31,1.2545199404778016,1.2008794091925
2017-09-01,1.274799338023431,1.2032601302108656
2017-09-05,1.2804996412445107,1.1941745214264907
2017-09-06,1.284835914750486,1.1979107958410278
2017-09-07,1.2648241495163481,1.1976970168108072
2017-09-08,1.2811424132821208,1.1959139053541945
2017-09-11,1.3064518035332096,1.208876688368479
2017-09-12,1.3130616331451144,1.2129433485569932
2017-09-13,1.316607552423956,1.2138616266640767
2017-09-14,1.2975181693846287,1.212525507725198
2017-09-15,1.3041234208880381,1.214765328928191
2017-09-18,1.303956712612359,1.2165338645418338
2017-09-19,1.3053897792376379,1.217884559323682
2017-09-20,1.3036940317329089,1.2186570790010698
2017-09-21,1.2975676208310545,1.2149450976581488
2017-09-22,1.3181285685990833,1.2157321931785063
2017-09-25,1.3241589633070268,1.2130308036148099
2017-09-26,1.3402777225707165,1.2131182586726277
2017-09-27,1.3484273209333921,1.2180740452822865
2017-09-28,1.331543622434868,1.2195413468078913
2017-09-29,1.335802184596223,1.224059858128463
2017-10-02,1.3342762562120871,1.2288018657079012
2017-10-03,1.340727381214331,1.2314546691283657
2017-10-04,1.3288922305018256,1.232989991254495
2017-10-05,1.2702328238668623,1.2399523855796335
2017-10-06,1.270269645701192,1.2386211252550778
2017-10-09,1.254984356491383,1.236386162666408
2017-10-10,1.2688315649215072,1.2392576037314162
2017-10-11,1.247676335986448,1.241492566320086
2017-10-12,1.2544687127142204,1.239398503546789
2017-10-13,1.240013327911132,1.2404868331551848
2017-10-16,1.2426986707972247,1.242658633757653
2017-10-17,1.2533517546535706,1.2434943154212428
2017-10-18,1.2463285037830651,1.2444174521426499
2017-10-19,1.2550415353117268,1.2448255757457982
2017-10-20,1.2593887778720247,1.251195219123507
2017-10-23,1.2518043957433747,1.2462248566708785
2017-10-24,1.255521706732774,1.2482411816150043
2017-10-25,1.2360304554985202,1.2424205616558166
2017-10-26,1.2138358195915222,1.243999611310855
2017-10-27,1.2083942963569958,1.2540423671168992
2017-10-30,1.2055646665833033,1.2500388689145865
2017-10-31,1.2449247416022242,1.251219512195123
2017-11-01,1.2316362551768687,1.2532115440676328
2017-11-02,1.2397202847925732,1.2534496161694693
2017-11-03,1.2338253566413202,1.257331649013702
2017-11-06,1.2393028731096114,1.2589301331260332
2017-11-07,1.2381442320151643,1.2586920610241965
2017-11-08,1.2436753108242669,1.2605091827810715
2017-11-09,1.2391779465774533,1.255767175201633
2017-11-10,1.2484561884843595,1.254639976678652
2017-11-13,1.248758927307867,1.2558740647167435
2017-11-14,1.2504552226282846,1.252973471965796
2017-11-15,1.2517054614465386,1.246049946555243
2017-11-16,1.2633680151534774,1.256262753862599
2017-11-17,1.2554192755715077,1.2529637547371495
2017-11-20,1.271039661364525,1.2545622388494808
2017-11-21,1.2646769685624608,1.2627684384413576
2017-11-22,1.2577750625261654,1.2618210086483344
2017-11-24,1.2525456381670077,1.2644155086969204
2017-11-27,1.2404864232384984,1.2639296472646009
2017-11-28,1.2549260775982594,1.2763774171606264
2017-11-29,1.2765653791360054,1.2759061315712765
2017-11-30,1.2768947044295826,1.286357010980469
2017-12-01,1.2917849606526166,1.2837527937032363
2017-12-04,1.2983002063928755,1.2824020989213882
2017-12-05,1.2795548154932181,1.2776066465843947
2017-12-06,1.2705226016786746,1.2774608881546987
2017-12-07,1.2655070871369245,1.281206879797882
2017-12-08,1.2585244273723848,1.2882615877951613
2017-12-11,1.2564610817560762,1.292386551355554
2017-12-12,1.2660233262469893,1.2943883004567103
2017-12-13,1.26965316262207,1.2937761150519878
2017-12-14,1.2526693390293089,1.2885093771256446
2017-12-15,1.277887634578773,1.3000728792148486
2017-12-18,1.2806856781696374,1.3070449907686332
2017-12-19,1.2587350104792598,1.3028228549217769
2017-12-20,1.2562384289714574,1.3017442425420276
2017-12-21,1.259903899804939,1.3043290253619675
2017-12-22,1.2657854822204078,1.3037314158002145
2017-12-26,1.2688235788371547,1.302351569332427
2017-12-27,1.2582123139961183,1.3033815955689445
2017-12-28,1.2606627278897091,1.3057720338159564
2017-12-29,1.2582283445129891,1.299003984063746
2018-01-02,1.2658431457855983,1.3097901078612388
2018-01-03,1.2722272509876478,1.3181712175687503
2018-01-04,1.2880258583409072,1.3234816830240024
2018-01-05,1.290851339067319,1.3327907880672443
2018-01-08,1.2828203336447903,1.3350063161986212
2018-01-09,1.2871685092130452,1.3367457001263252
2018-01-10,1.2865549120124722,1.3352589641434276
2018-01-11,1.3007032066001596,1.3446506656301636
2018-01-12,1.3025379392748144,1.3537265571858919
2018-01-16,1.300759996254193,1.3489553979205144
2018-01-17,1.3081050923504587,1.3616558157613463
2018-01-18,1.2914705847511883,1.359454863472939
2018-01-19,1.312815764374138,1.3654163832474995
2018-01-22,1.3108610661039095,1.3764308619181826
2018-01-23,1.306528860081973,1.3794237683412711
2018-01-24,1.3401502550558702,1.3786512486638829
2018-01-25,1.3425048949372298,1.3794820717131493
2018-01-26,1.3426171080649933,1.3958167330677307
2018-01-29,1.334138336508822,1.3864201729666716
2018-01-30,1.323285487556196,1.3713098824215348
2018-01-31,1.3267463059943692,1.3719803711981358
2018-02-01,1.3316238960435627,1.3710912447769912
2018-02-02,1.2967494574675589,1.342012438052669
2018-02-05,1.2482292070191503,1.2870177825284244
2018-02-06,1.2577372689909265,1.3094645807015852
2018-02-07,1.2611956214262205,1.3029151685939182
2018-02-08,1.2611956214262205,1.2540083568166371
2018-02-09,1.2611956214262205,1.272738315032554
2018-02-12,1.2611956214262205,1.2904479642405997
2018-02-13,1.2611956214262205,1.293819842580897
2018-02-14,1.2611956214262205,1.31116023710038
2018-02-15,1.2611956214262205,1.326984743951026
2018-02-16,1.2611956214262205,1.3274803226119918
2018-02-20,1.2611956214262205,1.3197259741521727
2018-02-21,1.2611956214262205,1.3124720629676425
2018-02-22,1.2611956214262205,1.3137498785346429
2018-02-23,1.2611956214262205,1.3348071130113701
2018-02-26,1.2611956214262205,1.35050043727529
2018-02-27,1.2611956214262205,1.3333398114857653
2018-02-28,1.2611956214262205,1.3185453308716362
2018-03-01,1.2611956214262205,1.3009765814789631
2018-03-02,1.2611956214262205,1.307574579729862
2018-03-05,1.2611956214262205,1.3219998056554279
2018-03-06,1.2611956214262205,1.3254882907394818
2018-03-07,1.2611956214262205,1.3248469536488203
2018-03-08,1.2611956214262205,1.3307598872801485
2018-03-09,1.2611956214262205,1.3538868914585571
2018-03-12,1.2611956214262205,1.3521620833738228
2018-03-13,1.2611956214262205,1.3435574774074444
2018-03-14,1.2611956214262205,1.3358662909338266
2018-03-15,1.2611956214262205,1.3348216888543396
2018-03-16,1.2611956214262205,1.337095520357595
2018-03-19,1.2611956214262205,1.3181031969682255
2018-03-20,1.2611956214262205,1.3200563599261501
2018-03-21,1.2611956214262205,1.3176221941502293
2018-03-22,1.2611956214262205,1.2844670100087465
2018-03-23,1.2611956214262205,1.2575357108152767
2018-03-26,1.2611956214262205,1.2916869108930145
2018-03-27,1.2611956214262205,1.2693712953065794
2018-03-28,1.2611956214262205,1.265669031192305
2018-03-29,1.2611956214262205,1.2830968807696055
2018-04-02,1.2611956214262205,1.254435914877078
2018-04-03,1.2611956214262205,1.2702604217277242
2018-04-04,1.2611956214262205,1.284952871441066
2018-04-05,1.2611956214262205,1.293771256437665
2018-04-06,1.2611956214262205,1.2654115246331756
2018-04-09,1.2611956214262205,1.269633660480032
2018-04-10,1.2611956214262205,1.2908706636867173
2018-04-11,1.2611956214262205,1.283738217860267
2018-04-12,1.2611956214262205,1.2943299970848319
2018-04-13,1.2611956214262205,1.290593722670295
2018-04-16,1.2611956214262205,1.301059177922457
2018-04-17,1.2611956214262205,1.3149305218151788
2018-04-18,1.2611956214262205,1.3160237100378975
2018-04-19,1.2611956214262205,1.3084879992226222
2018-04-20,1.2611956214262205,1.2973180448935966
2018-04-23,1.2611956214262205,1.2973909241084447
2018-04-24,1.2611956214262205,1.280031095131669
2018-04-25,1.2611956214262205,1.2823826644640952
2018-04-26,1.2611956214262205,1.2957632883101744
2018-04-27,1.2611956214262205,1.2972062967641633
2018-04-30,1.2611956214262205,1.286585365853659
2018-05-01,1.2611956214262205,1.2898649305218157
2018-05-02,1.2611956214262205,1.2805704013215435
2018-05-03,1.2611956214262205,1.2776843844135657
2018-05-04,1.2611956214262205,1.2940530560684098
2018-05-07,1.2611956214262205,1.2985278398600726
2018-05-08,1.2611956214262205,1.2981828782431257
2018-05-09,1.2611956214262205,1.310752113497231
2018-05-10,1.2611956214262205,1.3230346905062682
2018-05-11,1.2611956214262205,1.3252939461665538
2018-05-14,1.2611956214262205,1.3264648722184438
2018-05-15,1.2611956214262205,1.3173889806627153
2018-05-16,1.2611956214262205,1.3227383150325531
2018-05-17,1.2611956214262205,1.3216062578952488
2018-05-18,1.2611956214262205,1.318127490039841
2018-05-21,1.2611956214262205,1.327864153143524
2018-05-22,1.2611956214262205,1.3237003206685458
2018-05-23,1.2611956214262205,1.3280001943445734
2018-05-24,1.2611956214262205,1.3253133806238466
2018-05-25,1.2611956214262205,1.322189291614032
2018-05-29,1.2611956214262205,1.3068992323389375
2018-05-30,1.2611956214262205,1.3234914002526486
2018-05-31,1.2611956214262205,1.314386357010981
2018-06-01,1.2611956214262205,1.3286463900495584
2018-06-04,1.2611956214262205,1.3345981925954722
2018-06-05,1.2611956214262205,1.335535905159849
2018-06-06,1.2611956214262205,1.346977941890973
2018-06-07,1.2611956214262205,1.3460159362549804
2018-06-08,1.2611956214262205,1.3502234962588675
2018-06-11,1.2611956214262205,1.3516665047128564
2018-06-12,1.2611956214262205,1.354022932659606
2018-06-13,1.2611956214262205,1.3485715673889813
2018-06-14,1.2611956214262205,1.3519045768146931
2018-06-15,1.2611956214262205,1.350529588961229
2018-06-18,1.2611956214262205,1.3476581478962208
2018-06-19,1.2611956214262205,1.3422359343115353
2018-06-20,1.2611956214262205,1.3445340588864068
2018-06-21,1.2611956214262205,1.3360023321348764
2018-06-22,1.2611956214262205,1.3384899426683523
2018-06-25,1.2611956214262205,1.320119521912352
2018-06-26,1.2611956214262205,1.3230298318919458
2018-06-27,1.2611956214262205,1.3116460985326999
2018-06-28,1.2611956214262205,1.319750267223789
2018-06-29,1.2611956214262205,1.3207511417743674
2018-07-02,1.2611956214262205,1.3248032261199119
2018-07-03,1.2611956214262205,1.3182489553979218
2018-07-05,1.2611956214262205,1.3296132542998753
2018-07-06,1.2611956214262205,1.340890098144011
2018-07-09,1.2611956214262205,1.3527208240209907
2018-07-10,1.2611956214262205,1.3574191040715202
2018-07-11,1.2611956214262205,1.3477893304829476
2018-07-12,1.2611956214262205,1.359581187445342
2018-07-13,1.2611956214262205,1.361048488970947
2018-07-16,1.2611956214262205,1.3596492080458669
2018-07-17,1.2611956214262205,1.3650519871732598
2018-07-18,1.2611956214262205,1.368001166067439
2018-07-19,1.2611956214262205,1.362593528325723
2018-07-20,1.2611956214262205,1.361301136915753
2018-07-23,1.2611956214262205,1.3638033232921987
2018-07-24,1.2611956214262205,1.3703235837139265
2018-07-25,1.2611956214262205,1.382795646681568
2018-07-26,1.2611956214262205,1.378602662520651
2018-07-27,1.2611956214262205,1.3695559226508618
2018-07-30,1.2611956214262205,1.3616752502186393
2018-07-31,1.2611956214262205,1.3683266932270932
2018-08-01,1.2611956214262205,1.366903119230397
2018-08-02,1.2611956214262205,1.3736371586823453
2018-08-03,1.2611956214262205,1.3800165192887002
2018-08-06,1.2611956214262205,1.3848994266835113
2018-08-07,1.2611956214262205,1.388810611213683
2018-08-08,1.2611956214262205,1.3884462151394434
2018-08-09,1.2611956214262205,1.386444466038287
2018-08-10,1.2611956214262205,1.3765814789622013
2018-08-13,1.2611956214262205,1.3710669517053748
2018-08-14,1.2611956214262205,1.3798270333300957
2018-08-15,1.2611956214262205,1.3693372850063177
2018-08-16,1.2611956214262205,1.3801817121756892
2018-08-17,1.2611956214262205,1.3847682440967852
2018-08-20,1.2611956214262205,1.388130405208436
2018-08-21,1.2611956214262205,1.3910018462734441
2018-08-22,1.2611956214262205,1.3904479642406
2018-08-23,1.2611956214262205,1.3880963949081735
2018-08-24,1.2611956214262205,1.3967010008745517
2018-08-27,1.2611956214262205,1.4074142454571967
2018-08-28,1.2611956214262205,1.4077932173744059
2018-08-29,1.2611956214262205,1.4158196482363241
2018-08-30,1.2611956214262205,1.4095471771450794
2018-08-31,1.2611956214262205,1.409736663103684
2018-09-04,1.2611956214262205,1.4074045282285503
2018-09-05,1.2611956214262205,1.403459333398116
2018-09-06,1.2611956214262205,1.3983334952871453
2018-09-07,1.2611956214262205,1.39523855796327
2018-09-10,1.2611956214262205,1.3978865027694116
2018-09-11,1.2611956214262205,1.4031143717811694
2018-09-12,1.2611956214262205,1.4036148090564584
2018-09-13,1.2611956214262205,1.4110290545136541
2018-09-14,1.2611956214262205,1.41141774365951
2018-09-17,1.2611956214262205,1.4035565056845805
2018-09-18,1.2611956214262205,1.411092216499856
2018-09-19,1.2611956214262205,1.4128607521134988
2018-09-20,1.2611956214262205,1.4239383927703835
2018-09-21,1.2611956214262205,1.4234136624234786
2018-09-24,1.2611956214262205,1.4184092896705875
2018-09-25,1.2611956214262205,1.4165581576134503
2018-09-26,1.2611956214262205,1.4118987464775061
2018-09-27,1.2611956214262205,1.415800213779032
2018-09-28,1.2611956214262205,1.4157904965503856
2018-10-01,1.2611956214262205,1.4209454863472957
2018-10-02,1.2611956214262205,1.420381887085805
2018-10-03,1.2611956214262205,1.4213924788650298
2018-10-04,1.2611956214262205,1.4097803906325936
2018-10-05,1.2611956214262205,1.4019871732581888
2018-10-08,1.2611956214262205,1.4014332912253444
2018-10-09,1.2611956214262205,1.3994461179671578
2018-10-10,1.2611956214262205,1.3534544747837933
2018-10-11,1.2611956214262205,1.3256097560975626
2018-10-12,1.2611956214262205,1.3444417452142667
2018-10-15,1.2611956214262205,1.336502769410166
2018-10-16,1.2611956214262205,1.3652317559032183
2018-10-17,1.2611956214262205,1.3648867942862715
2018-10-18,1.2611956214262205,1.345243416577594
2018-10-19,1.2611956214262205,1.3447575551452744
2018-10-22,1.2611956214262205,1.3389758041006723
2018-10-23,1.2611956214262205,1.331595568943739
2018-10-24,1.2611956214262205,1.2904965503838322
2018-10-25,1.2611956214262205,1.3145321154406782
2018-10-26,1.2611956214262205,1.2917549314935397
2018-10-29,1.2611956214262205,1.2832815081138875
2018-10-30,1.2611956214262205,1.3033864541832685
2018-10-31,1.2611956214262205,1.3175298804780888
2018-11-01,1.2611956214262205,1.3314400932853963
2018-11-02,1.2611956214262205,1.3230298318919456
2018-11-05,1.2611956214262205,1.3304392187348177
2018-11-06,1.2611956214262205,1.338766883684774
2018-11-07,1.2611956214262205,1.3671606257895255
2018-11-08,1.2611956214262205,1.36373044407735
2018-11-09,1.2611956214262205,1.3511855018948604
2018-11-12,1.2611956214262205,1.3245651540180745
2018-11-13,1.2611956214262205,1.3226022738315037
2018-11-14,1.2611956214262205,1.3125935283257222
2018-11-15,1.2611956214262205,1.3264988825187063
2018-11-16,1.2611956214262205,1.3294480614128856
2018-11-19,1.2611956214262205,1.3073219317850555
2018-11-20,1.2611956214262205,1.283592459430571
2018-11-21,1.2611956214262205,1.28749878534642
2018-11-23,1.2611956214262205,1.2790593722670303
2018-11-26,1.2611956214262205,1.2989262462345748
2018-11-27,1.2611956214262205,1.3031629579244008
2018-11-28,1.2611956214262205,1.3331017393839286
2018-11-29,1.2611956214262205,1.3301914294043349
2018-11-30,1.2611956214262205,1.341060149645322
2018-12-03,1.2611956214262205,1.3557331649013709
2018-12-04,1.2611956214262205,1.3118550189485965
2018-12-06,1.2611956214262205,1.3098581284617632
2018-12-07,1.2611956214262205,1.2793120202118362
2018-12-10,1.2611956214262205,1.2815664172577987
2018-12-11,1.2611956214262205,1.2811097075114186
2018-12-12,1.2611956214262205,1.2880526673792645
2018-12-13,1.2611956214262205,1.287795160820135
2018-12-14,1.2611956214262205,1.2632154309590913
2018-12-17,1.2611956214262205,1.236974054999515
2018-12-18,1.2611956214262205,1.2370809445146251
2018-12-19,1.2611956214262205,1.2180351763677006
2018-12-20,1.2611956214262205,1.1988242153337876
2018-12-21,1.2611956214262205,1.1741424545719568
