,portfolio,benchmark
2015-01-02,1.0,1.0
2015-01-05,0.9771491642087123,0.9817218929161403
2015-01-06,0.9619853482256197,0.9729909629773589
2015-01-07,0.9769310324897693,0.9843066757360802
2015-01-08,0.9927973938159044,1.001914294043339
2015-01-09,0.9885994255792105,0.993494315421242
2015-01-12,0.9751007280727436,0.9854533087163543
2015-01-13,0.970625692637445,0.9829122534253233
2015-01-14,0.9642649752583212,0.977198522981246
2015-01-15,0.9508666306848249,0.9681615003401032
2015-01-16,0.9687760336844883,0.9811582936546499
2015-01-20,0.9716300883652093,0.9826790399378098
2015-01-21,0.9806654477447619,0.9873287338451073
2015-01-22,0.9950657959186189,1.0024050140899816
2015-01-23,0.990845898330689,0.9969002040618018
2015-01-26,0.9944996097884293,0.9994606938101256
2015-01-27,0.9860079547522315,0.9860800699640464
2015-01-28,0.9736752403637087,0.9727723253328153
2015-01-29,0.9822242905822671,0.9820474200757947
2015-01-30,0.9668606624201166,0.9692886988630846
2015-02-02,0.9759036249625432,0.9818530755028668
2015-02-03,0.9921797985290065,0.9960305120979501
2015-02-04,0.9875472664732188,0.9918909726945879
2015-02-05,0.993525542180478,1.0020989213876206
2015-02-06,0.9892388666353374,0.9986735982897679
2015-02-09,0.9837558447585489,0.9944320279856187
2015-02-10,0.9979778578534939,1.0050481002818
2015-02-11,0.9976449433313036,1.0050189485958607
2015-02-12,1.0122159975582923,1.0147118841706348
2015-02-13,1.0208675191131078,1.0188465649596736
2015-02-17,1.0204619567651856,1.0204742007579441
2015-02-18,1.0189106509246801,1.0201535322126132
2015-02-19,1.0241870980391716,1.0190700612185406
2015-02-20,1.0321846564190813,1.0253133806238464
2015-02-23,1.0339736738076115,1.0250024293071618
2015-02-24,1.0330690976977484,1.0278301428432615
2015-02-25,1.0352920794332265,1.027043047322904
2015-02-26,1.0355414112687427,1.025527159654067
2015-02-27,1.0321489503159704,1.0224953843163933
2015-03-02,1.0398960366527263,1.0287581381789916
2015-03-03,1.0360580979560228,1.0240890098144015
2015-03-04,1.0309205007226145,1.019594791565446
2015-03-05,1.0356949985043788,1.020814303760568
2015-03-06,1.018510119466133,1.0063453503060933
2015-03-09,1.0233914853004258,1.0103148382081433
2015-03-10,1.007570608464386,0.9931785054902345
2015-03-11,1.0080782161164754,0.991273928675542
2015-03-12,1.0202114660615735,1.0037654261004763
2015-03-13,1.0147383812062671,0.9976678651248667
2015-03-16,1.02947443287655,1.0111699543290256
2015-03-17,1.0281314838097624,1.0078126518316979
2015-03-18,1.0416725595488956,1.0200660771547956
2015-03-19,1.0433836248539856,1.015095714702167
2015-03-20,1.050567620480676,1.0242444854727433
2015-03-23,1.0455025168710432,1.0224565154018075
2015-03-24,1.0408283191394896,1.0161791856962394
2015-03-25,1.0211580816109325,1.0013847050821107
2015-03-26,1.0189349030079682,0.9990039840637452
2015-03-27,1.023233893642046,1.0013701292391413
2015-03-30,1.033481106547743,1.013623554562239
2015-03-31,1.0230614069327189,1.0047079972791761
2015-04-01,1.0158262176367197,1.0007239335341562
2015-04-02,1.0185057479506232,1.004256146147119
2015-04-06,1.0273990901322188,1.0108930133126035
2015-04-07,1.0243550108765147,1.0088086677679529
2015-04-08,1.029903108796014,1.0115149159459724
2015-04-09,1.0343277427600692,1.0160237100378975
2015-04-10,1.0382954721691902,1.0213098824215336
2015-04-13,1.034997410362255,1.016631036828297
2015-04-14,1.0365559896538517,1.0182878243125064
2015-04-15,1.0428696776314679,1.0235302691672339
2015-04-16,1.0415333903236663,1.0227334564182298
2015-04-17,1.029746960780756,1.0111650957147027
2015-04-20,1.0397686274810753,1.0205033524438838
2015-04-21,1.0432159972982034,1.01899232338937
2015-04-22,1.0466004763270387,1.0241764648722191
2015-04-23,1.0484208986681047,1.026591196190847
2015-04-24,1.0460707560606748,1.0289038966086879
2015-04-27,1.03900955079084,1.0246428918472457
2015-04-28,1.0368790756666946,1.0274803226119917
2015-04-29,1.0291739087099443,1.0236371586823443
2015-04-30,1.0201025930266001,1.0132688757166461
2015-05-01,1.0319036447580143,1.0243367991448844
2015-05-04,1.033794677996167,1.0273491400252652
2015-05-05,1.0197144466358508,1.0151880283743082
2015-05-06,1.0128300324584403,1.0106646584394137
2015-05-07,1.0221101876127545,1.0144786706831217
2015-05-08,1.033324427237785,1.0281313769312996
2015-05-11,1.0311332192294347,1.0228986493052186
2015-05-12,1.0258940523556097,1.0198814498105144
2015-05-13,1.025207339119414,1.01957049849383
2015-05-14,1.0350448666517746,1.0305606840928971
2015-05-15,1.0368881777670944,1.031352638227578
2015-05-18,1.0427349174321374,1.034496161694685
2015-05-19,1.0410752269461205,1.0338305315324074
2015-05-20,1.0381145948747312,1.0328685258964148
2015-05-21,1.043001907201439,1.035283257215043
2015-05-22,1.042221990261373,1.032970556797202
2015-05-26,1.029644193012944,1.0223496258866978
2015-05-27,1.0373369086725706,1.0317170343018178
2015-05-28,1.032497961241758,1.0304100670488783
2015-05-29,1.027353789108968,1.0238995238557969
2015-06-01,1.031552814657432,1.0260081624720636
2015-06-02,1.0339768014238566,1.024973277621223
2015-06-03,1.0354769740274674,1.0271450782236913
2015-06-04,1.0272292736184856,1.0182878243125066
2015-06-05,1.0307170141967852,1.016825381401225
2015-06-08,1.0212547001244787,1.0102419589932958
2015-06-09,1.0194852417942482,1.0106646584394139
2015-06-10,1.0320189191314995,1.0228354873190173
2015-06-11,1.0323359577949949,1.024613740161307
2015-06-12,1.0265987607136275,1.0174472840345943
2015-06-15,1.0233481059924374,1.0127441453697414
2015-06-16,1.0285976357112363,1.0185064619570507
2015-06-17,1.03501127003688,1.0205227869011768
2015-06-18,1.049609658925986,1.0306287046934224
2015-06-19,1.0470609382386669,1.025162763579828
2015-06-22,1.052802954179605,1.031410941599457
2015-06-23,1.053003712066167,1.0320668545330882
2015-06-24,1.0435775717726128,1.0244776989602578
2015-06-25,1.0451058196376424,1.0214313477796144
2015-06-26,1.0427244947017873,1.0210329414051122
2015-06-29,1.014938665979162,0.9997279175979021
2015-06-30,1.0210544641949943,1.00238557963269
2015-07-01,1.026695362753224,1.009338256729182
2015-07-02,1.0293276576117851,1.0090273054124976
2015-07-06,1.0217225507365582,1.0051306967252953
2015-07-07,1.028082270242707,1.0112428335438746
2015-07-08,1.0065822270355715,0.9944028762996806
2015-07-09,1.0096249933948076,0.9966524147313199
2015-07-10,1.026189698255174,1.0089495675833264
2015-07-13,1.0393604189555292,1.0201146632980285
2015-07-14,1.0430064920049917,1.0246574676902158
2015-07-15,1.0382353501218016,1.0239043824701206
2015-07-16,1.0414629351863445,1.032110582061997
2015-07-17,1.044746596783207,1.0332523564279477
2015-07-20,1.0444879161511436,1.0340491691769518
2015-07-21,1.0406994270944843,1.0296424059858138
2015-07-22,1.0416292504154772,1.0271839471382773
2015-07-23,1.0372687812528982,1.0213536099504432
2015-07-24,1.020945570484296,1.0104217277232543
2015-07-27,1.0119340651404345,1.0045865319210971
2015-07-28,1.0258854324217919,1.0170294432027995
2015-07-29,1.033269996377179,1.0244728403459344
2015-07-30,1.0354629639278725,1.0245019920318736
2015-07-31,1.0369992148012366,1.0221747157710632
2015-08-03,1.0310375258568618,1.0193567194636102
2015-08-04,1.0335997024837127,1.0170634535030623
2015-08-05,1.0377535689475452,1.0202312700417855
2015-08-06,1.0315436287406539,1.0123214459236238
2015-08-07,1.028529974007177,1.00941113594403
2015-08-10,1.0433036671043352,1.0223399086580518
2015-08-11,1.03486245110798,1.0125692352541067
2015-08-12,1.036848753891029,1.0135312408900994
2015-08-13,1.0353686933805668,1.0122388494801293
2015-08-14,1.0398915274839453,1.0161986201535331
2015-08-17,1.0486029159337005,1.021494509765816
2015-08-18,1.044750956761014,1.0188125546594122
2015-08-19,1.0362540504945583,1.0104022932659618
2015-08-20,1.0094001140821989,0.9890826936157819
2015-08-21,0.978799495349439,0.9575794383441852
2015-08-24,0.938463568199387,0.9198377222816062
2015-08-25,0.9285649336270119,0.9073996696142269
2015-08-26,0.9642464619081712,0.9428189680303186
2015-08-27,0.9926044331997728,0.9657273345641832
2015-08-28,0.9948481870282778,0.9663152268972898
2015-08-31,0.9861611514479456,0.9582061995918774
2015-09-01,0.9585089842835595,0.9298659022446806
2015-09-02,0.9769769124258167,0.9468759109901863
2015-09-03,0.9756620161738461,0.9479788164415516
2015-09-04,0.9603562986381703,0.9334467010008753
2015-09-08,0.9869537361649818,0.9568603634243522
2015-09-09,0.9744403583802173,0.9435623360217674
2015-09-10,0.9774950829705539,0.9485424157030422
2015-09-11,0.9801627071623186,0.9527985618501611
2015-09-14,0.9743801496552501,0.9489019531629588
2015-09-15,0.9864182668255133,0.9610776406568856
2015-09-16,0.9966276095520602,0.9694441745214276
2015-09-17,0.9967402182051218,0.966961422602275
2015-09-18,0.9800272982592045,0.9513312603245566
2015-09-21,0.9810336697643957,0.9556748615294931
2015-09-22,0.9645289023692907,0.9439024390243915
2015-09-23,0.9588371125956565,0.94196871052376
2015-09-24,0.9537480081144156,0.9388008939850367
2015-09-25,0.9485535492525963,0.9383636186959492
2015-09-28,0.9165057899528049,0.9142794674958715
2015-09-29,0.9112935093997272,0.9154066660188527
2015-09-30,0.9344582224459209,0.9328685258964156
2015-10-01,0.9389505923932899,0.9347099407249067
2015-10-02,0.957066695032219,0.9480905645709857
2015-10-05,0.9757606981377845,0.9654309590904687
2015-10-06,0.9680651311935203,0.9619667670780309
2015-10-07,0.9806964840793375,0.9696968224662341
2015-10-08,0.9914239584761748,0.9782479836750574
2015-10-09,0.9907319064523396,0.9789573413662437
2015-10-12,0.9910275127325412,0.980206005247305
2015-10-13,0.976902905941338,0.9735156933242654
2015-10-14,0.9800394135141562,0.9689243027888461
2015-10-15,0.9873193489559983,0.9833155184141497
2015-10-16,0.9887030610985162,0.987809736663105
2015-10-19,0.9879391412473367,0.988076960450881
2015-10-20,0.988138896079599,0.9866728209114776
2015-10-21,0.9801411043569666,0.980925080167138
2015-10-22,0.9946136164619144,0.9972354484501039
2015-10-23,1.0040269797106673,1.0082353512778175
2015-10-26,1.0025815602846213,1.006306481391509
2015-10-27,0.9978117032873395,1.0037362744145388
2015-10-28,1.0099690110872157,1.0156204450490738
2015-10-29,1.0071756524233995,1.0151637353026932
2015-10-30,1.0117046580612434,1.0102808279078823
2015-11-02,1.025382430974802,1.022276746671851
2015-11-03,1.0275000649245678,1.0250655912933646
2015-11-04,1.0276665997518544,1.0214313477796146
2015-11-05,1.0293349531903728,1.0202749975706942
2015-11-06,1.028023121700474,1.019920318725101
2015-11-09,1.0142426191006333,1.0099018559906727
2015-11-10,1.0154681150612386,1.0114274608881557
2015-11-11,1.0076544858219747,1.008162472062969
2015-11-12,0.9914305582172558,0.9940579146827337
2015-11-13,0.9773266743051292,0.9829171120396475
2015-11-16,0.991872930508706,0.9975658342240805
2015-11-17,0.9897826784542157,0.9962297152852018
2015-11-18,1.0137193519297676,1.0123311631522702
2015-11-19,1.0096493072651866,1.0111942474006423
2015-11-20,1.0157156583787619,1.0150471285589362
2015-11-23,1.0181504624226578,1.013793606063552
2015-11-24,1.019762674066416,1.0150325527159665
2015-11-25,1.019657016363716,1.0149013701292402
2015-11-27,1.020074089576685,1.0155038383053165
2015-11-30,1.013649409273576,1.0107909824118173
2015-12-01,1.0251634648350483,1.0215868234379568
2015-12-02,1.0077996792460686,1.01035370712273
2015-12-03,0.9889330293716295,0.9958313089106998
2015-12-04,1.003356369039982,1.0162714993683815
2015-12-07,0.9929945202820675,1.0091682052278703
2015-12-08,0.9880118057442527,1.0026187931202033
2015-12-09,0.9812856227926536,0.9948595860460607
2015-12-10,0.986974627859167,0.9970994072490537
2015-12-11,0.9652356644274821,0.9777329705567982
2015-12-14,0.961834599130795,0.982382664464096
2015-12-15,0.9717973939677129,0.9928141094159957
2015-12-16,0.9861207556660789,1.0072247594985924
2015-12-17,0.9658647723787489,0.9920756000388703
2015-12-18,0.9524845619427958,0.9744193955883794
2015-12-21,0.9601753488279413,0.9819988339325636
2015-12-22,0.9669904407861147,0.990656884656497
2015-12-23,0.9846639678773204,1.0029588961228268
2015-12-24,0.9833640526713721,1.0013555533961724
2015-12-28,0.97778338343744,0.9991740355650579
2015-12-29,0.9885441163593325,1.009794966475562
2015-12-30,0.9799828398086488,1.0025070449907696
2015-12-31,0.9742401538664068,0.9930716159751248
2016-01-04,0.9589524323698337,0.9778738703721709
2016-01-05,0.954625501590613,0.9798416091730647
2016-01-06,0.9405097576622012,0.966990574288214
2016-01-07,0.9167655474676187,0.944072490525703
2016-01-08,0.9064370816211501,0.9338402487610542
2016-01-11,0.9055493469804685,0.9346370615100582
2016-01-12,0.9119554607523337,0.9419298416091738
2016-01-13,0.8808232090528018,0.9184141482849099
2016-01-14,0.8907634937957339,0.9337479350889133
2016-01-15,0.8721067665329667,0.9135798270333306
2016-01-19,0.8674249756067093,0.9140656884656502
2016-01-20,0.861352312254135,0.9033767369546212
2016-01-21,0.8699327900637067,0.9080701583908277
2016-01-22,0.8952786478967653,0.9264891652900602
2016-01-25,0.8753555684145733,0.9120007773782925
2016-01-26,0.8929597376949351,0.9249003984063753
2016-01-27,0.8829677872081942,0.9148527839860081
2016-01-28,0.8785155718960422,0.919910601496454
2016-01-29,0.9099395593688993,0.9426877854435923
2016-02-01,0.9135568827577913,0.9422699446117976
2016-02-02,0.8913599694171751,0.9246088815469836
2016-02-03,0.8919344979240806,0.9292245651540187
2016-02-04,0.8965960730847898,0.9306432805363919
2016-02-05,0.8632577919908516,0.9134437858322815
2016-02-08,0.834266471354305,0.9005150131182595
2016-02-09,0.8321255615042614,0.8999174035565065
2016-02-10,0.8409171761164809,0.8997473520551945
2016-02-11,0.8319877145134597,0.8886794286269563
2016-02-12,0.8532439523178259,0.9060246817607627
2016-02-16,0.8732055468925786,0.9209892138762032
2016-02-17,0.8896704501148833,0.9361675250218646
2016-02-18,0.88640407122087,0.9317996307453124
2016-02-19,0.8918545689369907,0.9317753376736964
2016-02-22,0.91105293101964,0.945243416577593
2016-02-23,0.8996354154245949,0.9334709940724915
2016-02-24,0.9084573775543268,0.9376153920901766
2016-02-25,0.9199120439430685,0.9482557574579739
2016-02-26,0.9250319371818522,0.9464823632300076
2016-02-29,0.9206941549064035,0.938796035370713
2016-03-01,0.9446017675214681,0.9612039646292884
2016-03-02,0.947935482018509,0.9651394422310764
2016-03-03,0.9555237063696963,0.9685161791856969
2016-03-04,0.9602363627044854,0.9717180060246823
2016-03-07,0.9601013474159207,0.9725779807598878
2016-03-08,0.9402156968194179,0.9616460985326989
2016-03-09,0.9491591772433485,0.9665047128558938
2016-03-10,0.9503988856418292,0.9666553298999128
2016-03-11,0.9734283881259269,0.9825041298221749
2016-03-14,0.9719852274286072,0.9812651831697602
2016-03-15,0.9660898727378716,0.9794626372558549
2016-03-16,0.9751046054302425,0.984948012826742
2016-03-17,0.9831810039497463,0.9914439801768538
2016-03-18,0.9902409437593002,0.9958118744534061
2016-03-21,0.9945488646567926,0.9967933145466915
2016-03-22,0.9935917980315517,0.9959187639685165
2016-03-23,0.9827774670547921,0.9895588378194541
2016-03-24,0.9801896293612483,0.989184724516568
2016-03-28,0.9840099887292655,0.9897240307064427
2016-03-29,0.9968916857327647,0.9984501020309011
2016-03-30,1.0026089928069073,1.0027937032358372
2016-03-31,1.0038741489110623,1.0007482266057721
2016-04-01,1.009076949979985,1.0070838596832186
2016-04-04,0.9988189813827343,1.0038528811582939
2016-04-05,0.9880367273593201,0.9936692255368771
2016-04-06,1.000065115319021,1.0041103877174233
2016-04-07,0.9858345477324231,0.9920853172675157
2016-04-08,0.9890760576555863,0.9948498688174137
2016-04-11,0.9844536589708535,0.9921241861821014
2016-04-12,0.9910245989321297,1.001710232241765
2016-04-13,1.0080250927364294,1.011767563890779
2016-04-14,1.0065959167053857,1.011942474006414
2016-04-15,1.0051853417156025,1.010946458070159
2016-04-18,1.011552330606385,1.0175590321640275
2016-04-19,1.0049614529851785,1.0206976970168113
2016-04-20,1.0073767944933212,1.0214750753085224
2016-04-21,1.0022132523770666,1.0161694684675935
2016-04-22,1.0039462330152427,1.0162180546108255
2016-04-25,0.9988631009892069,1.0143766397823346
2016-04-26,1.0059906849931894,1.0162763579827037
2016-04-27,1.009455045332098,1.0179525799242062
2016-04-28,1.000880963971129,1.008556019823147
2016-04-29,0.9903855198978316,1.003449616169469
2016-05-02,0.9976936429768987,1.0112865610727824
2016-05-03,0.985438932956812,1.0025119036050922
2016-05-04,0.9777550709025264,0.9965601010591784
2016-05-05,0.9823023921197669,0.996322028957342
2016-05-06,0.9915531947472787,0.9994849868817419
2016-05-09,0.9937425829590617,1.0002380721018371
2016-05-10,1.0044749992592732,1.0127247109124484
2016-05-11,0.9871878461491002,1.0030414925663207
2016-05-12,0.9815558950280516,1.0028714410650088
2016-05-13,0.9698754077532953,0.9943688659994175
2016-05-16,0.9792443619105744,1.0041103877174236
2016-05-17,0.972327392449891,0.9946603828588092
2016-05-18,0.9724662778312306,0.9948644446603835
2016-05-19,0.9658922074990496,0.9911767563890784
2016-05-20,0.9767112348681664,0.9971431347779621
2016-05-23,0.9750915525055168,0.9950636478476345
2016-05-24,0.9903954961002941,1.0086774851812268
2016-05-25,0.9973440085236456,1.0157127587212134
2016-05-26,0.9947567710175585,1.0154989796909928
2016-05-27,1.0017215530497008,1.0198522981245757
2016-05-31,1.0036363096269443,1.0188271305023815
2016-06-01,1.0058290842413578,1.019983480711302
2016-06-02,1.0117484481592818,1.0228646390049567
2016-06-03,1.0062791567673,1.0198863084248382
2016-06-06,1.0119376512846852,1.0248809639490823
2016-06-07,1.0165354453362812,1.0262025070449916
2016-06-08,1.0210161149646153,1.0295986784569047
2016-06-09,1.0185701616626204,1.0278301428432617
2016-06-10,1.0011768935754455,1.0183995724419403
2016-06-13,0.9894539097776028,1.0101350694781854
2016-06-14,0.9815570487017397,1.0083179477213104
2016-06-15,0.9849388820685216,1.0064619570498499
2016-06-16,0.9796263144021371,1.0096151977456034
2016-06-17,0.979265497077345,1.0063259158488005
2016-06-20,0.9899778921744894,1.012170828879604
2016-06-21,0.9938337263404681,1.0149159459722095
2016-06-22,0.9923372460779005,1.013239724030707
2016-06-23,1.0082499176124775,1.0267806821494518
2016-06-24,0.9616612929632623,0.9898989408220783
2016-06-27,0.929776990011861,0.9719852298124582
2016-06-28,0.9514650227341448,0.9892576037314164
2016-06-29,0.9736091952996149,1.0061072782042568
2016-06-30,0.9867621252662065,1.0197551258381117
2016-07-01,0.9892041189406295,1.0217422990962983
2016-07-05,0.9751998455278164,1.0147458944708976
2016-07-06,0.979647831600746,1.0201778252842295
2016-07-07,0.9848416876876016,1.019288698863085
2016-07-08,1.0069703965188073,1.034836264697309
2016-07-11,1.0167262854766401,1.0383636186959484
2016-07-12,1.0339852669055907,1.0456418229520945
2016-07-13,1.0308754950581227,1.045782722767467
2016-07-14,1.0372652869094716,1.0512826741813237
2016-07-15,1.0368933871155104,1.0503060927023613
2016-07-18,1.040588975987284,1.052808279078807
2016-07-19,1.0396435372837218,1.0512972500242934
2016-07-20,1.0468718728734348,1.0557866096589255
2016-07-21,1.045850920326434,1.0519725974152174
2016-07-22,1.0511111574554668,1.0567631911378876
2016-07-25,1.0498311140697845,1.053580798756195
2016-07-26,1.0529021439605681,1.0539209017588185
2016-07-27,1.0490357349934516,1.0526576620347878
2016-07-28,1.0527681037416299,1.0543484598192598
2016-07-29,1.0562276801445873,1.0560684092896708
2016-08-01,1.0521393091162745,1.054727431736469
2016-08-02,1.0334108204876145,1.048017685356137
2016-08-03,1.0351006276658172,1.0513021086386165
2016-08-04,1.038895694965825,1.0515256048974837
2016-08-05,1.0515610628697694,1.0605723447672728
2016-08-08,1.0477905190748964,1.0596103391312803
2016-08-09,1.0469880538395662,1.060023321348752
2016-08-10,1.0442694412202278,1.056986687396755
2016-08-11,1.0509100342140032,1.061991060149646
2016-08-12,1.0499332378273922,1.0611456612574104
2016-08-15,1.0572685347936182,1.0641094159945592
2016-08-16,1.0476511054478959,1.0582790788067251
2016-08-17,1.0457562077579927,1.0602565348362654
2016-08-18,1.0485306012845284,1.062588669711399
2016-08-19,1.0478947940456393,1.0610582061995926
2016-08-22,1.0489315382248088,1.0604605966378395
2016-08-23,1.0536014328946726,1.0625303663395207
2016-08-24,1.0475363570909777,1.0569623943251392
2016-08-25,1.0498402970822445,1.0555193858711502
2016-08-26,1.0469939277062994,1.0538528811582943
2016-08-29,1.05165449299067,1.0593625498007975
2016-08-30,1.0516726667196694,1.0572927800991163
2016-08-31,1.0491103622696625,1.0547808764940243
2016-09-01,1.0527372429947128,1.0547371489651158
2016-09-02,1.054704418851507,1.0591682052278695
2016-09-06,1.0542393227364546,1.0623263045379463
2016-09-07,1.062076404064806,1.062170828879604
2016-09-08,1.0519190776540233,1.0598095423185314
2016-09-09,1.0194324324872825,1.033820814303761
2016-09-12,1.0395031870251696,1.048994266835099
2016-09-13,1.0246487964142095,1.0334369837722286
2016-09-14,1.025783634534954,1.0328296569818292
2016-09-15,1.0365753103261401,1.0432708191623754
2016-09-16,1.031213456250764,1.0393353415605873
2016-09-19,1.0346726040341632,1.0393159071032945
2016-09-20,1.029566804560033,1.039626858419979
2016-09-21,1.0395513126530023,1.0509765814789624
2016-09-22,1.0504893293878887,1.0578077932173746
2016-09-23,1.0454290457345206,1.051739383927704
2016-09-26,1.0359688396266202,1.0427072199008844
2016-09-27,1.043619933617232,1.0494266835098633
2016-09-28,1.0478038299213692,1.0549849382955985
2016-09-29,1.0383674943578949,1.0451511029054517
2016-09-30,1.0477681419516733,1.0534787678554078
2016-10-03,1.0438735955864389,1.050043727528909
2016-10-04,1.0406862516068693,1.044840151588767
2016-10-05,1.0446381253919992,1.0493295112233993
2016-10-06,1.0469477077736833,1.0498348071130117
2016-10-07,1.0376345451886881,1.0464192012438054
2016-10-10,1.043658368419975,1.051238946652415
2016-10-11,1.0239488972167405,1.038154698280051
2016-10-12,1.025884201950635,1.0393450587892337
2016-10-13,1.0217983692804349,1.0361237974929556
2016-10-14,1.0214200722898208,1.0363327179088528
2016-10-17,1.0177392264990273,1.0331843358274224
2016-10-18,1.0268332440125136,1.0395491205908076
2016-10-19,1.0337717505980324,1.0418278107083863
2016-10-20,1.029950348771833,1.0403945194830437
2016-10-21,1.0307433458117388,1.0403070644252261
2016-10-24,1.034755860807733,1.0452482751919154
2016-10-25,1.021292601407944,1.041278787289865
2016-10-26,1.0162043328140005,1.0394665241473133
2016-10-27,1.0058236705268844,1.0363618695947918
2016-10-28,1.009445813539956,1.0331406082985135
2016-10-31,1.0131857127597201,1.0330142843261105
2016-11-01,1.00695763639704,1.0260033038577399
2016-11-02,1.0026122127334758,1.0193081333203773
2016-11-03,0.9949293291763914,1.0147993392284522
2016-11-04,0.9966704150989996,1.0131085414439802
2016-11-07,1.016783213713862,1.035623360217666
2016-11-08,1.0220072407460659,1.0395296861335148
2016-11-09,1.0338279236161387,1.051044602079487
2016-11-10,1.0401162373314017,1.0530949373238752
2016-11-11,1.0422760464319867,1.051622777183947
2016-11-14,1.049382595227276,1.0515013118258671
2016-11-15,1.0593088781710611,1.05936740841512
2016-11-16,1.0566458057315793,1.0576911864736178
2016-11-17,1.06494323682199,1.0626372558546302
2016-11-18,1.0571066785369134,1.0601010591779225
2016-11-21,1.064799554066367,1.068010883296084
2016-11-22,1.0671429139350923,1.0703235837139249
2016-11-23,1.0702331020833866,1.0711884170634536
2016-11-25,1.0716314624406422,1.0753814012243708
2016-11-28,1.0656712780287203,1.069730832766495
2016-11-29,1.0680060337927306,1.0711592653775144
2016-11-30,1.0626748974706728,1.0683169759984454
2016-12-01,1.050017486725641,1.0645612671266158
2016-12-02,1.0515536548186009,1.0649839665727339
2016-12-05,1.0627237833943204,1.0711835584491307
2016-12-06,1.0695135948312564,1.0748372364201735
2016-12-07,1.0830351415325268,1.0889855213293171
2016-12-08,1.0914322746862926,1.0913370906617437
2016-12-09,1.0924454368180128,1.097818482168886
2016-12-12,1.0833058985177386,1.0965698182878245
2016-12-13,1.0855861847105042,1.1037411330288602
2016-12-14,1.0741196656743508,1.094781848216889
2016-12-15,1.0797374550917096,1.0990331357496848
2016-12-16,1.0742777651962818,1.0971091244776994
2016-12-19,1.0786625857441818,1.0992760664658443
2016-12-20,1.0816372966995975,1.103274706053834
2016-12-21,1.0807639898319552,1.1005635992614908
2016-12-22,1.072810280162778,1.0985132640171027
2016-12-23,1.0751392446426973,1.0998882518705668
2016-12-27,1.0779733523065869,1.1023612865610732
2016-12-28,1.0669410365811163,1.0931493538042956
2016-12-29,1.067732140947575,1.0928286852589648
2016-12-30,1.0621970980119126,1.0877611505198723
2017-01-03,1.0704971857892291,1.0969925177339428
2017-01-04,1.0866189962383552,1.1032698474395108
2017-01-05,1.0845823173281963,1.1024195899329516
2017-01-06,1.0890605513688316,1.1062967641628612
2017-01-09,1.0820752104123277,1.1023710037897196
2017-01-10,1.0895664874652602,1.1023710037897196
2017-01-11,1.0909943311268395,1.1054902341852109
2017-01-12,1.0918569822421764,1.1031192303954918
2017-01-13,1.0935569536285843,1.1051598484112335
2017-01-17,1.0920311301095504,1.1018802837430768
2017-01-18,1.0937710403638057,1.1038237294723547
2017-01-19,1.087396166864741,1.0998396657273348
2017-01-20,1.0925533964262784,1.1035419298416096
2017-01-23,1.0896512133062142,1.1005733164901372
2017-01-24,1.0969958538869506,1.1077980759887283
2017-01-25,1.103627709175525,1.116689340200175
2017-01-26,1.104737259205668,1.115868234379555
2017-01-27,1.1002309631109102,1.1149013701292392
2017-01-30,1.0919134782468503,1.1082013409775533
2017-01-31,1.0891714629522862,1.1072150422699447
2017-02-01,1.0870395473083225,1.1075454280439219
2017-02-02,1.0899747447804302,1.108177047905937
2017-02-03,1.1002681502996872,1.1162277718394713
2017-02-06,1.0975011474912173,1.1138664852783984
2017-02-07,1.0982984828122808,1.1141191332232043
2017-02-08,1.103613989354515,1.1148916529005926
2017-02-09,1.1110161338192397,1.1213050238072098
2017-02-10,1.118754124326366,1.1253036633951992
2017-02-13,1.1190071117416762,1.1312068797978811
2017-02-14,1.1197384736830847,1.135739966961422
2017-02-15,1.1257228548262708,1.141409969876591
2017-02-16,1.1222351249047058,1.1404236711689821
2017-02-17,1.1290918793700635,1.1423379652123211
2017-02-21,1.1368236463825985,1.1492469147799045
2017-02-22,1.1300028012806556,1.1480031095131664
2017-02-23,1.1281132178824567,1.1484841123311627
2017-02-24,1.1334175394709922,1.1501992031872506
2017-02-27,1.1355182824212684,1.1513701292391405
2017-02-28,1.1312689483915093,1.1484015158876681
2017-03-01,1.1428026119865402,1.1641045573802344
2017-03-02,1.1331123053585812,1.1572830628704687
2017-03-03,1.13449039308051,1.157866096589252
2017-03-06,1.1268645549189444,1.1540715188028368
2017-03-07,1.1207012769918994,1.1507093576911858
2017-03-08,1.116445559170417,1.1480808473423372
2017-03-09,1.1125514749765528,1.148999125449421
2017-03-10,1.115025416103888,1.1527548343212508
2017-03-13,1.1151779034835037,1.1531775337673689
2017-03-14,1.1092795941522935,1.1492809250801665
2017-03-15,1.1214197979747635,1.1589058400544159
2017-03-16,1.119018583604598,1.157020697697016
2017-03-17,1.120984179821408,1.155499951413856
2017-03-20,1.1180128654112564,1.1531775337673686
2017-03-21,1.101995649958432,1.1388689145855593
2017-03-22,1.1062708062573274,1.1410212807307347
2017-03-23,1.106635064977939,1.1398114857642592
2017-03-24,1.1098332882460409,1.1388494801282665
2017-03-27,1.108429411971648,1.137688271305023
2017-03-28,1.1175047181130713,1.1459381984258081
2017-03-29,1.1197289968676856,1.147182003692546
2017-03-30,1.1213881142651398,1.15054902341852
2017-03-31,1.1185006837376197,1.147954523369934
2017-04-03,1.1064533447246891,1.1460693810125344
2017-04-04,1.0999465285159875,1.1467107181031961
2017-04-05,1.0986771086468685,1.1432076571761725
2017-04-06,1.1045878927325736,1.1454134680789028
2017-04-07,1.1030928476717885,1.14446603828588
2017-04-10,1.1063160169631223,1.1452531338062375
2017-04-11,1.1077258038358075,1.1436109221649977
2017-04-12,1.101301239971342,1.13931104848897
2017-04-13,1.0950806615895878,1.1315469828005043
2017-04-17,1.1061357868614836,1.1412933631328335
2017-04-18,1.1055837306509302,1.1379797881644143
2017-04-19,1.109048632331639,1.13602662520649
2017-04-20,1.1179807109000253,1.1446117967155756
2017-04-21,1.1142924260791853,1.141137887474491
2017-04-24,1.1250694555465828,1.1535079195413456
2017-04-25,1.1315608163572508,1.1605334758526855
2017-04-26,1.1290492464555673,1.1599698765911948
2017-04-27,1.131305952113831,1.1606112136818565
2017-04-28,1.1239419543433824,1.1583908269361562
2017-05-01,1.1248371836123416,1.160397434651636
2017-05-02,1.1291667487350063,1.1617772811194236
2017-05-03,1.1230883731189327,1.1603002623651724
2017-05-04,1.1289041493034737,1.1609756097560964
2017-05-05,1.138547368256705,1.165722475949858
2017-05-08,1.1344532584477234,1.1657662034787668
2017-05-09,1.1337171971953244,1.1645709843552607
2017-05-10,1.1406590878194878,1.1658876688368467
2017-05-11,1.1336977060221445,1.1633660480031085
2017-05-12,1.1269458800492211,1.1616460985326973
2017-05-15,1.1349148524873387,1.1671946360897862
2017-05-16,1.1306128383534566,1.166392964726459
2017-05-17,1.1161333605988637,1.145189971820036
2017-05-18,1.1206175848384965,1.1494121076668922
2017-05-19,1.1234130434354488,1.1571907491983275
2017-05-22,1.1309527587734642,1.163161986201534
2017-05-23,1.1327134785869057,1.16529977650374
2017-05-24,1.136071176062572,1.1682003692546874
2017-05-25,1.143917417329494,1.1733893693518598
2017-05-26,1.1435543192011723,1.1737537654260994
2017-05-30,1.1398392343130848,1.1723399086580495
2017-05-31,1.1410147154214,1.1718006024681749
2017-06-01,1.15210957008163,1.180672432222329
2017-06-02,1.1588153293683496,1.1850500437275278
2017-06-05,1.1552736805032537,1.1836070352735388
2017-06-06,1.1504280977755164,1.180317753376736
2017-06-07,1.157962920773516,1.1821688854338732
2017-06-08,1.1545145949514797,1.1824846953648809
2017-06-09,1.1544321878433619,1.1815032552715954
2017-06-12,1.1556310204003095,1.180346905062675
2017-06-13,1.1626694478758106,1.1856719463608967
2017-06-14,1.160798467006085,1.1844913030803603
2017-06-15,1.1598374769273871,1.1818384996598958
2017-06-16,1.1574079365424739,1.1821737440481963
2017-06-19,1.1640370718205486,1.1920415897386054
2017-06-20,1.1541587244732203,1.184058886405596
2017-06-21,1.1508770291606558,1.1833689631717021
2017-06-22,1.1516712463034489,1.1828296569818275
2017-06-23,1.1549201253209485,1.1846759304246417
2017-06-26,1.1562072477866256,1.1850500437275278
2017-06-27,1.1445693837303674,1.1754834321251568
2017-06-28,1.1542724057600744,1.1858371392478855
2017-06-29,1.1457446652058199,1.175638907783499
2017-06-30,1.1486102850490894,1.1774414536974045
2017-07-03,1.1515811739242252,1.1801622777183938
2017-07-05,1.1494657010537401,1.1818773685744817
2017-07-06,1.1337797427335594,1.17080458653192
2017-07-07,1.1439979078094977,1.17830142843261
2017-07-10,1.1397876710153738,1.179394616655329
2017-07-11,1.1377652262319315,1.1784714799339222
2017-07-12,1.1502063198809445,1.1870809445146235
2017-07-13,1.1530951279743593,1.1893061898746469
2017-07-14,1.1594195738305895,1.1948644446603818
2017-07-17,1.1613839310383995,1.19480128267418
2017-07-18,1.1604826595195614,1.19551549897969
2017-07-19,1.1658920494481728,1.2019385871149537
2017-07-20,1.1663844770675975,1.2017539597706723
2017-07-21,1.1683092372207249,1.2013118258672617
2017-07-24,1.1651343937326188,1.2000340103002614
2017-07-25,1.1669360450370565,1.2035419298416083
2017-07-26,1.1663224749921506,1.203882032844232
2017-07-27,1.1648444282833317,1.202711106792342
2017-07-28,1.1637199034234627,1.2010980468370411
2017-07-31,1.1656296443883036,1.2002234962588663
2017-08-01,1.1656730736941032,1.2031629579243992
2017-08-02,1.1663782986370137,1.203755708871829
2017-08-03,1.157841967188223,1.2011271985229803
2017-08-04,1.160265296318845,1.2033961714119126
2017-08-07,1.1626599419080452,1.2053784860557761
2017-08-08,1.1600160701547602,1.2024681760761826
2017-08-09,1.15764949006585,1.2020309007870948
2017-08-10,1.1388140263984878,1.1846322028957335
2017-08-11,1.1404977333712498,1.1861432319502472
2017-08-14,1.1524122637053764,1.1980565542707216
2017-08-15,1.1428673568620649,1.1974589447089685
2017-08-16,1.148876387172618,1.1991594597220867
2017-08-17,1.1337163141034727,1.1806481391507138
2017-08-18,1.1234137459596953,1.1784811971625686
2017-08-21,1.1243199418853531,1.1798513264017094
2017-08-22,1.1322856861160602,1.1915800213779024
2017-08-23,1.1259839757277008,1.187464775046156
2017-08-24,1.1220212980909263,1.185001457584296
2017-08-25,1.125321883772844,1.1869837722281598
2017-08-28,1.1216264945569245,1.18756194733262
2017-08-29,1.1208782557158607,1.1885628218831985
2017-08-30,1.1264455894109286,1.1940481974540857
2017-08-31,1.132642409071052,1.200879409192498
2017-09-01,1.1293987681380393,1.2032601302108636
2017-09-05,1.1251026516572198,1.1941745214264887
2017-09-06,1.1276210071724204,1.1979107958410258
2017-09-07,1.1286823840332434,1.1976970168108052
2017-09-08,1.130271302050027,1.1959139053541925
2017-09-11,1.1426974767066087,1.208876688368477
2017-09-12,1.1433785101196101,1.212943348556991
2017-09-13,1.143678103368014,1.213861626664075
2017-09-14,1.1472743767059486,1.2125255077251962
2017-09-15,1.1438733919958424,1.2147653289281892
2017-09-18,1.1414306602479791,1.2165338645418324
2017-09-19,1.1289825320714184,1.2178845593236807
2017-09-20,1.1296068678762807,1.2186570790010685
2017-09-21,1.1250683516251954,1.2149450976581475
2017-09-22,1.127839902833933,1.215732193178505
2017-09-25,1.1278542917686651,1.2130308036148088
2017-09-26,1.1286651083837587,1.2131182586726266
2017-09-27,1.1343252877018104,1.2180740452822854
2017-09-28,1.1363832999520647,1.2195413468078902
2017-09-29,1.1433676729799562,1.2240598581284614
2017-10-02,1.1474981191821196,1.2288018657078996
2017-10-03,1.1500269072437044,1.2314546691283643
2017-10-04,1.1511956623778272,1.2329899912544937
2017-10-05,1.153679465328953,1.2399523855796326
2017-10-06,1.152724339487183,1.238621125255077
2017-10-09,1.1469288956991137,1.2363861626664072
2017-10-10,1.1512107492472015,1.2392576037314154
2017-10-11,1.1494981189520745,1.241492566320085
2017-10-12,1.1465591026923134,1.2393985035467883
2017-10-13,1.1455957248168054,1.2404868331551842
2017-10-16,1.1443379412988832,1.2426586337576522
2017-10-17,1.145101553075656,1.243494315421242
2017-10-18,1.1431494777031037,1.244417452142649
2017-10-19,1.1409521549807446,1.244825575745797
2017-10-20,1.1507891881734686,1.2511952191235058
2017-10-23,1.146026179727099,1.2462248566708773
2017-10-24,1.1426218585879628,1.2482411816150032
2017-10-25,1.135046361277833,1.2424205616558155
2017-10-26,1.134813064906243,1.243999611310854
2017-10-27,1.1376445124875108,1.2540423671168983
2017-10-30,1.1352575584092022,1.2500388689145856
2017-10-31,1.135526114424025,1.2512195121951222
2017-11-01,1.1300747294683888,1.2532115440676324
2017-11-02,1.1255234063393669,1.2534496161694688
2017-11-03,1.1265122314551508,1.2573316490137014
2017-11-06,1.1308930052097286,1.2589301331260325
2017-11-07,1.1266294523080684,1.2586920610241958
2017-11-08,1.1265818346998213,1.2605091827810708
2017-11-09,1.1275851117287214,1.2557671752016324
2017-11-10,1.1268498368941087,1.2546399766786513
2017-11-13,1.1323953812413798,1.2558740647167428
2017-11-14,1.1386063238687172,1.2529734719657952
2017-11-15,1.1309434153967783,1.2460499465552421
2017-11-16,1.1445564994532058,1.256262753862598
2017-11-17,1.1525824542663117,1.2529637547371486
2017-11-20,1.1541612028439723,1.25456223884948
2017-11-21,1.1589302805201673,1.2627684384413562
2017-11-22,1.1576176006353034,1.2618210086483328
2017-11-24,1.1584452952267705,1.2644155086969193
2017-11-27,1.157388587638773,1.2639296472645996
2017-11-28,1.1699858041314202,1.2763774171606252
2017-11-29,1.1790957223745493,1.2759061315712754
2017-11-30,1.1873280826735488,1.2863570109804676
2017-12-01,1.180195203767325,1.2837527937032351
2017-12-04,1.1795483888957559,1.2824020989213871
2017-12-05,1.1729385383869948,1.2776066465843936
2017-12-06,1.16934033958778,1.2774608881546978
2017-12-07,1.1767976070271315,1.281206879797881
2017-12-08,1.1854700185811011,1.2882615877951604
2017-12-11,1.187531985900677,1.292386551355553
2017-12-12,1.1871805749405502,1.2943883004567094
2017-12-13,1.1858597468826353,1.2937761150519866
2017-12-14,1.1790569472074361,1.2885093771256435
2017-12-15,1.1923895949278167,1.3000728792148477
2017-12-18,1.2029834482141986,1.3070449907686323
2017-12-19,1.195217398616795,1.302822854921776
2017-12-20,1.1935153690356064,1.3017442425420267
2017-12-21,1.1987931869188115,1.3043290253619662
2017-12-22,1.2005545738835515,1.3037314158002131
2017-12-26,1.2033666640906053,1.302351569332426
2017-12-27,1.203706824440148,1.3033815955689434
2017-12-28,1.2066841529160064,1.3057720338159553
2017-12-29,1.1987770720283013,1.2990039840637444
2018-01-02,1.2104521996303883,1.3097901078612375
2018-01-03,1.2215317841118678,1.3181712175687488
2018-01-04,1.2233290028588033,1.323481683024001
2018-01-05,1.2319624680097725,1.3327907880672425
2018-01-08,1.2369132218592347,1.3350063161986194
2018-01-09,1.23024465646075,1.3367457001263232
2018-01-10,1.2258694199846463,1.3352589641434254
2018-01-11,1.233133800232239,1.3446506656301613
2018-01-12,1.2384428577529447,1.3537265571858894
2018-01-16,1.2306882990081551,1.348955397920512
2018-01-17,1.240669602907405,1.3616558157613439
2018-01-18,1.2371604762515644,1.3594548634729366
2018-01-19,1.2495319384699646,1.3654163832474973
2018-01-22,1.2551478101106708,1.37643086191818
2018-01-23,1.2630867969102542,1.3794237683412685
2018-01-24,1.2631996746183094,1.3786512486638804
2018-01-25,1.262892317701177,1.3794820717131469
2018-01-26,1.2754155837832386,1.3958167330677282
2018-01-29,1.2655058881659242,1.3864201729666692
2018-01-30,1.252382594626701,1.3713098824215326
2018-01-31,1.256657154368549,1.3719803711981333
2018-02-01,1.2461329113584283,1.3710912447769887
2018-02-02,1.2228657877705915,1.3420124380526668
2018-02-05,1.1780197339804879,1.2870177825284224
2018-02-06,1.1858357709292495,1.3094645807015834
2018-02-07,1.1810765783560087,1.3029151685939167
2018-02-08,1.1810765783560087,1.2540083568166356
2018-02-09,1.1810765783560087,1.2727383150325524
2018-02-12,1.1810765783560087,1.2904479642405982
2018-02-13,1.1810765783560087,1.2938198425808956
2018-02-14,1.1810765783560087,1.3111602371003785
2018-02-15,1.1810765783560087,1.3269847439510247
2018-02-16,1.1810765783560087,1.3274803226119904
2018-02-20,1.1810765783560087,1.3197259741521714
2018-02-21,1.1810765783560087,1.312472062967641
2018-02-22,1.1810765783560087,1.3137498785346413
2018-02-23,1.1810765783560087,1.3348071130113686
2018-02-26,1.1810765783560087,1.3505004372752885
2018-02-27,1.1810765783560087,1.3333398114857637
2018-02-28,1.1810765783560087,1.3185453308716348
2018-03-01,1.1810765783560087,1.3009765814789618
2018-03-02,1.1810765783560087,1.3075745797298606
2018-03-05,1.1810765783560087,1.3219998056554265
2018-03-06,1.1810765783560087,1.3254882907394805
2018-03-07,1.1810765783560087,1.3248469536488188
2018-03-08,1.1810765783560087,1.330759887280147
2018-03-09,1.1810765783560087,1.3538868914585556
2018-03-12,1.1810765783560087,1.3521620833738213
2018-03-13,1.1810765783560087,1.3435574774074428
2018-03-14,1.1810765783560087,1.335866290933825
2018-03-15,1.1810765783560087,1.3348216888543383
2018-03-16,1.1810765783560087,1.3370955203575936
2018-03-19,1.1810765783560087,1.3181031969682244
2018-03-20,1.1810765783560087,1.3200563599261488
2018-03-21,1.1810765783560087,1.317622194150228
2018-03-22,1.1810765783560087,1.2844670100087454
2018-03-23,1.1810765783560087,1.2575357108152754
2018-03-26,1.1810765783560087,1.2916869108930131
2018-03-27,1.1810765783560087,1.2693712953065783
2018-03-28,1.1810765783560087,1.2656690311923038
2018-03-29,1.1810765783560087,1.2830968807696044
2018-04-02,1.1810765783560087,1.254435914877077
2018-04-03,1.1810765783560087,1.2702604217277231
2018-04-04,1.1810765783560087,1.284952871441065
2018-04-05,1.1810765783560087,1.293771256437664
2018-04-06,1.1810765783560087,1.2654115246331747
2018-04-09,1.1810765783560087,1.2696336604800311
2018-04-10,1.1810765783560087,1.2908706636867169
2018-04-11,1.1810765783560087,1.2837382178602665
2018-04-12,1.1810765783560087,1.2943299970848317
2018-04-13,1.1810765783560087,1.2905937226702946
2018-04-16,1.1810765783560087,1.3010591779224565
2018-04-17,1.1810765783560087,1.3149305218151783
2018-04-18,1.1810765783560087,1.316023710037897
2018-04-19,1.1810765783560087,1.3084879992226217
2018-04-20,1.1810765783560087,1.2973180448935964
2018-04-23,1.1810765783560087,1.2973909241084445
2018-04-24,1.1810765783560087,1.2800310951316687
2018-04-25,1.1810765783560087,1.282382664464095
2018-04-26,1.1810765783560087,1.2957632883101742
2018-04-27,1.1810765783560087,1.2972062967641629
2018-04-30,1.1810765783560087,1.2865853658536586
2018-05-01,1.1810765783560087,1.2898649305218153
2018-05-02,1.1810765783560087,1.280570401321543
2018-05-03,1.1810765783560087,1.2776843844135652
2018-05-04,1.1810765783560087,1.294053056068409
2018-05-07,1.1810765783560087,1.298527839860072
2018-05-08,1.1810765783560087,1.2981828782431248
2018-05-09,1.1810765783560087,1.3107521134972302
2018-05-10,1.1810765783560087,1.3230346905062673
2018-05-11,1.1810765783560087,1.325293946166553
2018-05-14,1.1810765783560087,1.3264648722184433
2018-05-15,1.1810765783560087,1.3173889806627148
2018-05-16,1.1810765783560087,1.3227383150325527
2018-05-17,1.1810765783560087,1.3216062578952485
2018-05-18,1.1810765783560087,1.3181274900398405
2018-05-21,1.1810765783560087,1.3278641531435236
2018-05-22,1.1810765783560087,1.3237003206685454
2018-05-23,1.1810765783560087,1.328000194344573
2018-05-24,1.1810765783560087,1.3253133806238462
2018-05-25,1.1810765783560087,1.3221892916140316
2018-05-29,1.1810765783560087,1.306899232338937
2018-05-30,1.1810765783560087,1.323491400252648
2018-05-31,1.1810765783560087,1.3143863570109806
2018-06-01,1.1810765783560087,1.328646390049558
2018-06-04,1.1810765783560087,1.3345981925954722
2018-06-05,1.1810765783560087,1.3355359051598488
2018-06-06,1.1810765783560087,1.3469779418909733
2018-06-07,1.1810765783560087,1.3460159362549806
2018-06-08,1.1810765783560087,1.3502234962588677
2018-06-11,1.1810765783560087,1.3516665047128564
2018-06-12,1.1810765783560087,1.354022932659606
2018-06-13,1.1810765783560087,1.348571567388981
2018-06-14,1.1810765783560087,1.351904576814693
2018-06-15,1.1810765783560087,1.3505295889612288
2018-06-18,1.1810765783560087,1.3476581478962204
2018-06-19,1.1810765783560087,1.3422359343115349
2018-06-20,1.1810765783560087,1.3445340588864063
2018-06-21,1.1810765783560087,1.3360023321348757
2018-06-22,1.1810765783560087,1.3384899426683516
2018-06-25,1.1810765783560087,1.3201195219123512
2018-06-26,1.1810765783560087,1.323029831891945
2018-06-27,1.1810765783560087,1.3116460985326992
2018-06-28,1.1810765783560087,1.3197502672237882
2018-06-29,1.1810765783560087,1.3207511417743665
2018-07-02,1.1810765783560087,1.324803226119911
2018-07-03,1.1810765783560087,1.3182489553979209
2018-07-05,1.1810765783560087,1.329613254299874
2018-07-06,1.1810765783560087,1.34089009814401
2018-07-09,1.1810765783560087,1.35272082402099
2018-07-10,1.1810765783560087,1.3574191040715196
2018-07-11,1.1810765783560087,1.347789330482947
2018-07-12,1.1810765783560087,1.3595811874453414
2018-07-13,1.1810765783560087,1.361048488970946
2018-07-16,1.1810765783560087,1.3596492080458658
2018-07-17,1.1810765783560087,1.3650519871732592
2018-07-18,1.1810765783560087,1.3680011660674383
2018-07-19,1.1810765783560087,1.3625935283257218
2018-07-20,1.1810765783560087,1.3613011369157522
2018-07-23,1.1810765783560087,1.3638033232921973
2018-07-24,1.1810765783560087,1.3703235837139254
2018-07-25,1.1810765783560087,1.382795646681567
2018-07-26,1.1810765783560087,1.3786026625206498
2018-07-27,1.1810765783560087,1.3695559226508605
2018-07-30,1.1810765783560087,1.361675250218638
2018-07-31,1.1810765783560087,1.368326693227092
2018-08-01,1.1810765783560087,1.366903119230396
2018-08-02,1.1810765783560087,1.3736371586823442
2018-08-03,1.1810765783560087,1.380016519288699
2018-08-06,1.1810765783560087,1.3848994266835102
2018-08-07,1.1810765783560087,1.388810611213682
2018-08-08,1.1810765783560087,1.3884462151394423
2018-08-09,1.1810765783560087,1.3864444660382862
2018-08-10,1.1810765783560087,1.3765814789622004
2018-08-13,1.1810765783560087,1.3710669517053737
2018-08-14,1.1810765783560087,1.3798270333300946
2018-08-15,1.1810765783560087,1.3693372850063166
2018-08-16,1.1810765783560087,1.380181712175688
2018-08-17,1.1810765783560087,1.3847682440967841
2018-08-20,1.1810765783560087,1.388130405208435
2018-08-21,1.1810765783560087,1.391001846273443
2018-08-22,1.1810765783560087,1.390447964240599
2018-08-23,1.1810765783560087,1.3880963949081724
2018-08-24,1.1810765783560087,1.396701000874551
2018-08-27,1.1810765783560087,1.407414245457196
2018-08-28,1.1810765783560087,1.4077932173744057
2018-08-29,1.1810765783560087,1.415819648236324
2018-08-30,1.1810765783560087,1.4095471771450792
2018-08-31,1.1810765783560087,1.4097366631036838
2018-09-04,1.1810765783560087,1.4074045282285501
2018-09-05,1.1810765783560087,1.403459333398116
2018-09-06,1.1810765783560087,1.3983334952871451
2018-09-07,1.1810765783560087,1.39523855796327
2018-09-10,1.1810765783560087,1.3978865027694116
2018-09-11,1.1810765783560087,1.4031143717811694
2018-09-12,1.1810765783560087,1.4036148090564584
2018-09-13,1.1810765783560087,1.4110290545136541
2018-09-14,1.1810765783560087,1.4114177436595094
2018-09-17,1.1810765783560087,1.4035565056845798
2018-09-18,1.1810765783560087,1.4110922164998554
2018-09-19,1.1810765783560087,1.4128607521134982
2018-09-20,1.1810765783560087,1.423938392770383
2018-09-21,1.1810765783560087,1.4234136624234779
2018-09-24,1.1810765783560087,1.418409289670587
2018-09-25,1.1810765783560087,1.4165581576134496
2018-09-26,1.1810765783560087,1.4118987464775055
2018-09-27,1.1810765783560087,1.4158002137790309
2018-09-28,1.1810765783560087,1.4157904965503847
2018-10-01,1.1810765783560087,1.4209454863472946
2018-10-02,1.1810765783560087,1.4203818870858036
2018-10-03,1.1810765783560087,1.4213924788650285
2018-10-04,1.1810765783560087,1.4097803906325923
2018-10-05,1.1810765783560087,1.4019871732581877
2018-10-08,1.1810765783560087,1.4014332912253433
2018-10-09,1.1810765783560087,1.3994461179671567
2018-10-10,1.1810765783560087,1.3534544747837924
2018-10-11,1.1810765783560087,1.3256097560975617
2018-10-12,1.1810765783560087,1.3444417452142658
2018-10-15,1.1810765783560087,1.3365027694101652
2018-10-16,1.1810765783560087,1.3652317559032174
2018-10-17,1.1810765783560087,1.3648867942862706
2018-10-18,1.1810765783560087,1.3452434165775933
2018-10-19,1.1810765783560087,1.3447575551452735
2018-10-22,1.1810765783560087,1.3389758041006714
2018-10-23,1.1810765783560087,1.3315955689437382
2018-10-24,1.1810765783560087,1.2904965503838315
2018-10-25,1.1810765783560087,1.3145321154406773
2018-10-26,1.1810765783560087,1.291754931493539
2018-10-29,1.1810765783560087,1.2832815081138869
2018-10-30,1.1810765783560087,1.3033864541832683
2018-10-31,1.1810765783560087,1.3175298804780886
2018-11-01,1.1810765783560087,1.3314400932853958
2018-11-02,1.1810765783560087,1.3230298318919451
2018-11-05,1.1810765783560087,1.3304392187348177
2018-11-06,1.1810765783560087,1.3387668836847737
2018-11-07,1.1810765783560087,1.3671606257895257
2018-11-08,1.1810765783560087,1.36373044407735
2018-11-09,1.1810765783560087,1.3511855018948604
2018-11-12,1.1810765783560087,1.3245651540180745
2018-11-13,1.1810765783560087,1.3226022738315037
2018-11-14,1.1810765783560087,1.3125935283257222
2018-11-15,1.1810765783560087,1.3264988825187063
2018-11-16,1.1810765783560087,1.3294480614128856
2018-11-19,1.1810765783560087,1.3073219317850553
2018-11-20,1.1810765783560087,1.2835924594305708
2018-11-21,1.1810765783560087,1.2874987853464197
2018-11-23,1.1810765783560087,1.2790593722670298
2018-11-26,1.1810765783560087,1.2989262462345743
2018-11-27,1.1810765783560087,1.3031629579244004
2018-11-28,1.1810765783560087,1.3331017393839284
2018-11-29,1.1810765783560087,1.3301914294043347
2018-11-30,1.1810765783560087,1.3410601496453218
2018-12-03,1.1810765783560087,1.3557331649013706
2018-12-04,1.1810765783560087,1.3118550189485962
2018-12-06,1.1810765783560087,1.3098581284617632
2018-12-07,1.1810765783560087,1.2793120202118362
2018-12-10,1.1810765783560087,1.2815664172577987
2018-12-11,1.1810765783560087,1.2811097075114184
2018-12-12,1.1810765783560087,1.288052667379264
2018-12-13,1.1810765783560087,1.2877951608201346
2018-12-14,1.1810765783560087,1.263215430959091
2018-12-17,1.1810765783560087,1.2369740549995147
2018-12-18,1.1810765783560087,1.237080944514625
2018-12-19,1.1810765783560087,1.2180351763677004
2018-12-20,1.1810765783560087,1.1988242153337874
2018-12-21,1.1810765783560087,1.1741424545719565
